month,department,fact_revenue,dashboard_revenue,difference,disposition
2025-07,Customer Success,368128.0,368128.0,0.0,MATCH
2025-07,G&A,375318.0,375318.0,0.0,MATCH
2025-07,Marketing,360350.0,360350.0,0.0,MATCH
2025-07,Product,545938.0,545938.0,0.0,MATCH
2025-07,Sales,547941.0,547941.0,0.0,MATCH
2025-08,Customer Success,453624.0,453624.0,0.0,MATCH
2025-08,G&A,315498.0,315498.0,0.0,MATCH
2025-08,Marketing,563998.0,563998.0,0.0,MATCH
2025-08,Product,367367.0,367367.0,0.0,MATCH
2025-08,Sales,421203.0,421203.0,0.0,MATCH
2025-09,Customer Success,403447.0,403447.0,0.0,MATCH
2025-09,G&A,409922.0,409922.0,0.0,MATCH
2025-09,Marketing,539321.0,539321.0,0.0,MATCH
2025-09,Product,442166.0,442166.0,0.0,MATCH
2025-09,Sales,379354.0,379354.0,0.0,MATCH
2025-10,Customer Success,396335.0,396335.0,0.0,MATCH
2025-10,G&A,398136.0,398136.0,0.0,MATCH
2025-10,Marketing,405994.0,405994.0,0.0,MATCH
2025-10,Product,353517.0,353517.0,0.0,MATCH
2025-10,Sales,422336.0,422336.0,0.0,MATCH
2025-11,Customer Success,493846.0,493846.0,0.0,MATCH
2025-11,G&A,568661.0,568661.0,0.0,MATCH
2025-11,Marketing,498862.0,498862.0,0.0,MATCH
2025-11,Product,485077.0,485077.0,0.0,MATCH
2025-11,Sales,477874.0,477874.0,0.0,MATCH
2025-12,Customer Success,365398.0,365398.0,0.0,MATCH
2025-12,G&A,481112.0,481112.0,0.0,MATCH
2025-12,Marketing,361316.0,361316.0,0.0,MATCH
2025-12,Product,618126.0,618126.0,0.0,MATCH
2025-12,Sales,508436.0,508436.0,0.0,MATCH
