Test ID,Requirement ID,Scenario,Preconditions,Steps,Expected Result,Execution Status,Actual Result,Defect ID,Tester,Execution Date,Evidence Location,Signoff
REG-UAT-01-A,REG-REQ-01,Acceptance,Use a disposable fixture for changed data; supplied source stays immutable. Application tests require a configured environment.,Review requirement REG-REQ-01; load the unchanged supplied source; inspect Q01 result and independently recompute its control totals.,No duplicate candidate keys or conflicting mappings are silently accepted.,Not executed - business UAT plan,,,,,,Pending
REG-UAT-01-B,REG-REQ-01,Boundary / exception,Use a disposable fixture for changed data; supplied source stays immutable. Application tests require a configured environment.,Prepare a disposable case for this rule: Duplicate restaurant-month keys and conflicting city/zone mappings are reported rather than silently summed. Re-run the applicable SQL or execute the control in the future configured application.,Duplicate restaurant-month keys and conflicting city/zone mappings are reported rather than silently summed.,Not executed - business UAT plan,,,,,,Pending
REG-UAT-01-C,REG-REQ-01,Business review,Use a disposable fixture for changed data; supplied source stays immutable. Application tests require a configured environment.,"Ask the Sales Operations Manager to review the labels, scope, evidence, and recommendation against REG-REQ-01.",Owner records Approved / Rejected / Needs clarification with a reason and supporting evidence.,Not executed - business UAT plan,,,,,,Pending
REG-UAT-02-A,REG-REQ-02,Acceptance,Use a disposable fixture for changed data; supplied source stays immutable. Application tests require a configured environment.,Review requirement REG-REQ-02; load the unchanged supplied source; inspect Q02 result and independently recompute its control totals.,Each grouping independently reconciles to portfolio sales within $0.01.,Not executed - business UAT plan,,,,,,Pending
REG-UAT-02-B,REG-REQ-02,Boundary / exception,Use a disposable fixture for changed data; supplied source stays immutable. Application tests require a configured environment.,Prepare a disposable case for this rule: A restaurant has one stable zone in the supplied data; a changed mapping requires an effective-dated production design. Re-run the applicable SQL or execute the control in the future configured application.,A restaurant has one stable zone in the supplied data; a changed mapping requires an effective-dated production design.,Not executed - business UAT plan,,,,,,Pending
REG-UAT-02-C,REG-REQ-02,Business review,Use a disposable fixture for changed data; supplied source stays immutable. Application tests require a configured environment.,"Ask the Sales Operations Manager to review the labels, scope, evidence, and recommendation against REG-REQ-02.",Owner records Approved / Rejected / Needs clarification with a reason and supporting evidence.,Not executed - business UAT plan,,,,,,Pending
REG-UAT-03-A,REG-REQ-03,Acceptance,Use a disposable fixture for changed data; supplied source stays immutable. Application tests require a configured environment.,Review requirement REG-REQ-03; load the unchanged supplied source; inspect Q03 result and independently recompute its control totals.,July has no prior comparison; a missing August makes September comparison null.,Not executed - business UAT plan,,,,,,Pending
REG-UAT-03-B,REG-REQ-03,Boundary / exception,Use a disposable fixture for changed data; supplied source stays immutable. Application tests require a configured environment.,Prepare a disposable case for this rule: September following July without August has null adjacent-month change. Re-run the applicable SQL or execute the control in the future configured application.,September following July without August has null adjacent-month change.,Not executed - business UAT plan,,,,,,Pending
REG-UAT-03-C,REG-REQ-03,Business review,Use a disposable fixture for changed data; supplied source stays immutable. Application tests require a configured environment.,"Ask the Sales Operations Manager to review the labels, scope, evidence, and recommendation against REG-REQ-03.",Owner records Approved / Rejected / Needs clarification with a reason and supporting evidence.,Not executed - business UAT plan,,,,,,Pending
REG-UAT-04-A,REG-REQ-04,Acceptance,Use a disposable fixture for changed data; supplied source stays immutable. Application tests require a configured environment.,Review requirement REG-REQ-04; load the unchanged supplied source; inspect Q04 result and independently recompute its control totals.,Ranks use the full selected period and ties resolve deterministically.,Not executed - business UAT plan,,,,,,Pending
REG-UAT-04-B,REG-REQ-04,Boundary / exception,Use a disposable fixture for changed data; supplied source stays immutable. Application tests require a configured environment.,Prepare a disposable case for this rule: Tied sales use restaurant_id ordering; compare the same reporting population. Re-run the applicable SQL or execute the control in the future configured application.,Tied sales use restaurant_id ordering; compare the same reporting population.,Not executed - business UAT plan,,,,,,Pending
REG-UAT-04-C,REG-REQ-04,Business review,Use a disposable fixture for changed data; supplied source stays immutable. Application tests require a configured environment.,"Ask the Sales Operations Manager to review the labels, scope, evidence, and recommendation against REG-REQ-04.",Owner records Approved / Rejected / Needs clarification with a reason and supporting evidence.,Not executed - business UAT plan,,,,,,Pending
REG-UAT-05-A,REG-REQ-05,Acceptance,Use a disposable fixture for changed data; supplied source stays immutable. Application tests require a configured environment.,Review requirement REG-REQ-05; load the unchanged supplied source; inspect Q04 result and independently recompute its control totals.,Restaurants with fewer than the extract month count are listed for investigation.,Not executed - business UAT plan,,,,,,Pending
REG-UAT-05-B,REG-REQ-05,Boundary / exception,Use a disposable fixture for changed data; supplied source stays immutable. Application tests require a configured environment.,"Prepare a disposable case for this rule: Absent restaurant-months are gaps, not zeros; obtain closure/operating-calendar context. Re-run the applicable SQL or execute the control in the future configured application.","Absent restaurant-months are gaps, not zeros; obtain closure/operating-calendar context.",Not executed - business UAT plan,,,,,,Pending
REG-UAT-05-C,REG-REQ-05,Business review,Use a disposable fixture for changed data; supplied source stays immutable. Application tests require a configured environment.,"Ask the Sales Operations Manager to review the labels, scope, evidence, and recommendation against REG-REQ-05.",Owner records Approved / Rejected / Needs clarification with a reason and supporting evidence.,Not executed - business UAT plan,,,,,,Pending
REG-UAT-06-A,REG-REQ-06,Acceptance,Use a disposable fixture for changed data; supplied source stays immutable. Application tests require a configured environment.,Review requirement REG-REQ-06; load the unchanged supplied source; inspect Q02 result and independently recompute its control totals.,All current metrics refer to sales; no YoY or profitability claim is presented.,Not executed - business UAT plan,,,,,,Pending
REG-UAT-06-B,REG-REQ-06,Boundary / exception,Use a disposable fixture for changed data; supplied source stays immutable. Application tests require a configured environment.,"Prepare a disposable case for this rule: No targets, costs, reps, or prior-year data exist; exclude unsupported measures. Re-run the applicable SQL or execute the control in the future configured application.","No targets, costs, reps, or prior-year data exist; exclude unsupported measures.",Not executed - business UAT plan,,,,,,Pending
REG-UAT-06-C,REG-REQ-06,Business review,Use a disposable fixture for changed data; supplied source stays immutable. Application tests require a configured environment.,"Ask the Sales Operations Manager to review the labels, scope, evidence, and recommendation against REG-REQ-06.",Owner records Approved / Rejected / Needs clarification with a reason and supporting evidence.,Not executed - business UAT plan,,,,,,Pending
REG-UAT-07-A,REG-REQ-07,Acceptance,Use a disposable fixture for changed data; supplied source stays immutable. Application tests require a configured environment.,Review requirement REG-REQ-07; load the unchanged supplied source; inspect the proposed control and execute it in a future configured application.,"Design includes owner, reason, next action, due date, and review evidence.",Not executed - business UAT plan,,,,,,Pending
REG-UAT-07-B,REG-REQ-07,Boundary / exception,Use a disposable fixture for changed data; supplied source stays immutable. Application tests require a configured environment.,Prepare a disposable case for this rule: A manager can reject a suspected cause and record a context request; retain the evidence and decision. Re-run the applicable SQL or execute the control in the future configured application.,A manager can reject a suspected cause and record a context request; retain the evidence and decision.,Not executed - business UAT plan,,,,,,Pending
REG-UAT-07-C,REG-REQ-07,Business review,Use a disposable fixture for changed data; supplied source stays immutable. Application tests require a configured environment.,"Ask the Sales Operations Manager to review the labels, scope, evidence, and recommendation against REG-REQ-07.",Owner records Approved / Rejected / Needs clarification with a reason and supporting evidence.,Not executed - business UAT plan,,,,,,Pending
REG-UAT-08-A,REG-REQ-08,Acceptance,Use a disposable fixture for changed data; supplied source stays immutable. Application tests require a configured environment.,Review requirement REG-REQ-08; load the unchanged supplied source; inspect the proposed control and execute it in a future configured application.,Future role tests limit managers to assigned zones; current local CSV has no RLS.,Not executed - business UAT plan,,,,,,Pending
REG-UAT-08-B,REG-REQ-08,Boundary / exception,Use a disposable fixture for changed data; supplied source stays immutable. Application tests require a configured environment.,Prepare a disposable case for this rule: A manager outside the assigned zone must be denied in a future role test. Re-run the applicable SQL or execute the control in the future configured application.,A manager outside the assigned zone must be denied in a future role test.,Not executed - business UAT plan,,,,,,Pending
REG-UAT-08-C,REG-REQ-08,Business review,Use a disposable fixture for changed data; supplied source stays immutable. Application tests require a configured environment.,"Ask the Sales Operations Manager to review the labels, scope, evidence, and recommendation against REG-REQ-08.",Owner records Approved / Rejected / Needs clarification with a reason and supporting evidence.,Not executed - business UAT plan,,,,,,Pending
