Month,Ad Group,Device,Impressions,Clicks,CTR,CPC,Conv Rate,Conversions,Cost,Revenue,Sale Amount,P&L
2025-07,Brand Search,Mobile,42968,1757,0.0409,0.81,0.0234,41,1423.17,2685.15,64.42,1261.98
2025-07,Non-Brand Search,Mobile,22739,199,0.0088,0.76,0.015,2,151.24,124.12,60.8,-27.12
2025-07,Prospecting,Mobile,52261,640,0.0123,1.15,0.0187,11,736.0,915.01,87.0,179.01
2025-07,Retargeting,Mobile,37103,573,0.0155,1.66,0.0318,18,951.18,1383.57,73.07,432.39
2025-07,Creator/UGC,Mobile,68320,769,0.0113,1.33,0.0195,14,1022.77,1194.84,86.56,172.07
2025-07,Affiliates,Mobile,34296,422,0.0123,0.51,0.0207,8,215.22,456.38,57.15,241.16
2025-07,Brand Search,Desktop,27200,906,0.0333,1.38,0.0262,23,1250.28,1971.52,90.74,721.24
2025-07,Non-Brand Search,Mobile,18123,358,0.0198,1.27,0.0072,2,454.66,180.46,86.93,-274.2
2025-07,Prospecting,Mobile,44687,755,0.0169,1.06,0.0171,12,800.3,1584.46,126.3,784.16
2025-07,Retargeting,Desktop,23702,493,0.0208,1.47,0.021,10,724.71,872.36,81.72,147.65
2025-07,Creator/UGC,Mobile,62413,1638,0.0263,1.35,0.0202,33,2211.3,2554.49,72.87,343.19
2025-07,Affiliates,Mobile,44874,1102,0.0246,0.35,0.0184,20,385.7,1807.55,93.96,1421.85
2025-07,Brand Search,Desktop,32822,1181,0.036,1.29,0.025,29,1523.49,3541.37,111.3,2017.88
2025-07,Non-Brand Search,Mobile,38151,467,0.0123,1.37,0.0138,6,639.79,605.67,99.84,-34.12
2025-07,Prospecting,Mobile,44669,738,0.0165,1.7,0.0249,18,1254.6,1543.31,85.81,288.71
2025-07,Retargeting,Mobile,39985,984,0.0246,0.94,0.0214,21,924.96,1500.74,69.43,575.78
2025-07,Creator/UGC,Mobile,74168,1727,0.0233,1.02,0.018,31,1761.54,2439.79,79.6,678.25
2025-07,Affiliates,Mobile,27976,975,0.0349,1.08,0.0222,21,1053.0,1866.87,86.89,813.87
2025-07,Brand Search,Mobile,24351,1026,0.0422,1.59,0.0219,22,1631.34,1922.65,93.37,291.31
2025-07,Non-Brand Search,Desktop,37809,534,0.0141,1.25,0.0136,7,667.5,548.5,73.49,-119.0
2025-07,Prospecting,Mobile,53025,488,0.0092,1.21,0.0253,12,590.48,936.11,83.09,345.63
2025-07,Retargeting,Mobile,39871,1174,0.0295,1.41,0.0262,30,1655.34,2784.24,88.83,1128.9
2025-07,Creator/UGC,Mobile,45914,934,0.0204,1.33,0.0215,20,1242.22,963.73,56.69,-278.49
2025-07,Affiliates,Mobile,20533,433,0.0211,0.47,0.0039,1,203.51,88.67,98.85,-114.84
2025-07,Brand Search,Mobile,40504,1347,0.0333,1.78,0.0346,46,2397.66,2694.56,57.64,296.9
2025-07,Non-Brand Search,Mobile,28987,612,0.0211,1.44,0.0156,9,881.28,981.01,101.14,99.73
2025-07,Prospecting,Desktop,61257,831,0.0136,1.04,0.0203,16,864.24,1469.87,88.72,605.63
2025-07,Retargeting,Desktop,22452,338,0.0151,1.57,0.0251,8,530.66,476.44,67.63,-54.22
2025-07,Creator/UGC,Mobile,57181,1096,0.0192,1.39,0.0141,15,1523.44,1354.06,89.04,-169.38
2025-07,Affiliates,Mobile,36239,286,0.0079,0.35,0.0086,2,100.1,163.03,95.9,62.93
2025-07,Brand Search,Mobile,36142,1137,0.0315,1.52,0.0324,36,1728.24,3374.53,89.55,1646.29
2025-07,Non-Brand Search,Desktop,30516,469,0.0154,1.57,0.0122,5,736.33,435.37,87.65,-300.96
2025-07,Prospecting,Desktop,54163,1131,0.0209,1.11,0.0212,23,1255.41,1529.76,68.01,274.35
2025-07,Retargeting,Desktop,33213,831,0.025,1.47,0.036,29,1221.57,2372.45,77.18,1150.88
2025-07,Creator/UGC,Mobile,50950,1093,0.0215,1.33,0.0157,17,1453.69,1287.07,71.5,-166.62
2025-07,Affiliates,Mobile,32433,308,0.0095,0.74,0.0234,7,227.92,526.9,75.91,298.98
2025-07,Brand Search,Mobile,30237,1357,0.0449,1.59,0.0336,45,2157.63,3252.42,71.16,1094.79
2025-07,Non-Brand Search,Mobile,40517,536,0.0132,0.86,0.0198,10,460.96,826.6,84.72,365.64
2025-07,Prospecting,Mobile,47778,681,0.0143,1.07,0.0181,12,728.67,1220.18,101.01,491.51
2025-07,Retargeting,Mobile,36555,564,0.0154,1.49,0.0301,16,840.36,1003.04,59.86,162.68
2025-07,Creator/UGC,Mobile,56633,835,0.0147,1.44,0.0172,14,1202.4,1104.5,79.52,-97.9
2025-07,Affiliates,Mobile,26649,486,0.0183,0.74,0.0242,11,359.64,801.18,69.5,441.54
2025-07,Brand Search,Mobile,43698,1983,0.0454,1.6,0.0331,65,3172.8,5240.47,82.05,2067.67
2025-07,Non-Brand Search,Desktop,33791,340,0.0101,1.69,0.0187,6,574.6,406.55,70.48,-168.05
2025-07,Prospecting,Desktop,56342,1044,0.0185,1.91,0.0142,14,1994.04,940.24,65.37,-1053.8
2025-07,Retargeting,Desktop,19906,361,0.0181,1.1,0.0305,10,397.1,793.8,80.41,396.7
2025-07,Creator/UGC,Desktop,35609,696,0.0196,1.55,0.0236,16,1078.8,1691.29,100.27,612.49
2025-07,Affiliates,Desktop,42947,737,0.0172,0.42,0.0197,14,309.54,1135.28,72.86,825.74
2025-07,Brand Search,Mobile,31780,1184,0.0373,1.67,0.028,33,1977.28,2784.74,91.55,807.46
2025-07,Non-Brand Search,Mobile,27485,413,0.015,1.46,0.0217,8,602.98,686.08,91.2,83.1
2025-07,Prospecting,Desktop,50743,1762,0.0347,1.61,0.0271,47,2836.82,3252.74,69.6,415.92
2025-07,Retargeting,Desktop,26818,187,0.007,1.86,0.0219,4,347.82,330.34,87.05,-17.48
2025-07,Creator/UGC,Mobile,51864,1343,0.0259,1.58,0.0253,33,2121.94,2190.01,75.79,68.07
2025-07,Affiliates,Desktop,27266,682,0.025,1.08,0.0102,6,736.56,305.29,52.32,-431.27
2025-07,Brand Search,Mobile,27289,1258,0.0461,1.44,0.0296,37,1811.52,3018.22,82.67,1206.7
2025-07,Non-Brand Search,Desktop,32368,852,0.0263,1.11,0.025,21,945.72,1975.47,106.83,1029.75
2025-07,Prospecting,Mobile,63288,2367,0.0374,1.65,0.0127,30,3905.55,2299.82,80.92,-1605.73
2025-07,Retargeting,Mobile,29860,349,0.0117,1.55,0.0171,5,540.95,372.41,74.35,-168.54
2025-07,Creator/UGC,Mobile,61176,913,0.0149,1.33,0.0146,13,1214.29,1267.36,99.18,53.07
2025-07,Affiliates,Mobile,18577,397,0.0214,1.15,0.0173,6,456.55,496.64,90.23,40.09
2025-07,Brand Search,Mobile,43098,1825,0.0423,1.29,0.0275,50,2354.25,3039.75,69.15,685.5
2025-07,Non-Brand Search,Desktop,33637,962,0.0286,1.2,0.0141,13,1154.4,940.41,76.21,-213.99
2025-07,Prospecting,Desktop,69675,2297,0.033,1.5,0.017,38,3445.5,3289.94,86.35,-155.56
2025-07,Retargeting,Mobile,39577,678,0.0172,1.36,0.0282,19,922.08,1543.65,79.15,621.57
2025-07,Creator/UGC,Mobile,49591,1001,0.0202,1.15,0.0286,28,1151.15,2138.45,78.95,987.3
2025-07,Affiliates,Desktop,28870,532,0.0184,0.4,0.0111,5,212.8,218.81,44.52,6.01
2025-07,Brand Search,Desktop,28165,893,0.0317,0.85,0.0247,22,759.05,2314.14,102.53,1555.09
2025-07,Non-Brand Search,Mobile,36126,471,0.0131,1.51,0.019,8,711.21,610.48,76.47,-100.73
2025-07,Prospecting,Mobile,63712,1699,0.0267,0.99,0.0277,47,1682.01,3726.03,77.1,2044.02
2025-07,Retargeting,Mobile,36563,842,0.023,1.39,0.0259,21,1170.38,1996.76,95.73,826.38
2025-07,Creator/UGC,Desktop,47188,892,0.0189,1.26,0.0149,13,1123.92,1133.05,78.93,9.13
2025-07,Affiliates,Mobile,26820,695,0.0259,0.7,0.0234,16,486.5,1409.08,84.19,922.58
2025-07,Brand Search,Mobile,49783,2112,0.0424,1.45,0.0326,68,3062.4,5500.34,78.23,2437.94
2025-07,Non-Brand Search,Mobile,33086,858,0.0259,1.12,0.0103,8,960.96,768.27,89.51,-192.69
2025-07,Prospecting,Desktop,60212,1239,0.0206,1.72,0.0208,25,2131.08,2137.45,87.13,6.37
2025-07,Retargeting,Desktop,31430,646,0.0206,1.58,0.0336,21,1020.68,2528.05,112.32,1507.37
2025-07,Creator/UGC,Mobile,54537,740,0.0136,1.13,0.013,9,836.2,701.23,74.16,-134.97
2025-07,Affiliates,Mobile,22858,600,0.0263,0.48,0.0132,7,288.0,614.65,80.3,326.65
2025-07,Brand Search,Mobile,38638,1031,0.0267,1.11,0.0273,28,1144.41,2253.45,87.79,1109.04
2025-07,Non-Brand Search,Desktop,32447,867,0.0267,1.27,0.0202,17,1101.09,876.72,58.04,-224.37
2025-07,Prospecting,Desktop,49028,843,0.0172,1.48,0.0196,16,1247.64,1405.01,89.29,157.37
2025-07,Retargeting,Mobile,31833,459,0.0144,1.23,0.0211,9,564.57,603.52,73.01,38.95
2025-07,Creator/UGC,Desktop,56422,1337,0.0237,1.03,0.0226,30,1377.11,3010.06,94.63,1632.95
2025-07,Affiliates,Desktop,42421,403,0.0095,0.49,0.0181,7,197.47,396.28,64.75,198.81
2025-07,Brand Search,Mobile,29629,949,0.032,1.12,0.0209,19,1062.88,2074.78,98.88,1011.9
2025-07,Non-Brand Search,Mobile,20075,484,0.0241,1.36,0.0255,12,658.24,1159.33,86.74,501.09
2025-07,Prospecting,Desktop,46703,967,0.0207,1.6,0.0158,15,1547.2,1273.89,79.85,-273.31
2025-07,Retargeting,Desktop,26624,384,0.0144,1.24,0.0295,11,476.16,1041.25,89.87,565.09
2025-07,Creator/UGC,Desktop,61598,1180,0.0192,1.07,0.0184,21,1262.6,1629.6,82.37,367.0
2025-07,Affiliates,Mobile,20630,619,0.03,0.7,0.0239,14,433.3,777.6,63.61,344.3
2025-07,Brand Search,Desktop,31844,1390,0.0437,0.8,0.0226,31,1112.0,2305.26,77.56,1193.26
2025-07,Non-Brand Search,Mobile,31609,530,0.0168,1.91,0.0166,8,1012.3,631.65,74.05,-380.65
2025-07,Prospecting,Desktop,63174,1216,0.0193,1.34,0.0137,16,1629.44,1424.6,91.73,-204.84
2025-07,Retargeting,Mobile,41399,601,0.0145,1.45,0.0309,18,871.45,1440.11,84.35,568.66
2025-07,Creator/UGC,Mobile,65198,1403,0.0215,1.65,0.0199,27,2314.95,2101.81,79.92,-213.14
2025-07,Affiliates,Mobile,23528,337,0.0144,0.73,0.0213,7,246.01,544.5,87.4,298.49
2025-07,Brand Search,Mobile,24281,761,0.0313,1.52,0.0262,19,1156.72,1504.89,89.02,348.17
2025-07,Non-Brand Search,Mobile,27996,459,0.0164,1.36,0.0102,4,624.24,311.25,73.82,-312.99
2025-07,Prospecting,Mobile,43898,1197,0.0273,1.26,0.0195,23,1508.22,1873.44,79.87,365.22
2025-07,Retargeting,Mobile,37870,825,0.0218,1.74,0.0204,16,1435.5,891.23,60.04,-544.27
2025-07,Creator/UGC,Mobile,45152,882,0.0195,1.47,0.0173,15,1296.54,1174.18,86.96,-122.36
2025-07,Affiliates,Desktop,35695,833,0.0233,0.79,0.0229,19,658.07,1587.14,83.3,929.07
2025-07,Brand Search,Desktop,30810,1180,0.0383,1.31,0.0273,32,1545.8,2681.97,92.65,1136.17
2025-07,Non-Brand Search,Desktop,16980,495,0.0292,0.64,0.0164,8,316.8,812.59,97.41,495.79
2025-07,Prospecting,Mobile,59770,1109,0.0186,1.35,0.0082,9,1497.15,694.64,74.8,-802.51
2025-07,Retargeting,Mobile,35517,809,0.0228,1.58,0.0242,19,1278.22,1368.87,71.34,90.65
2025-07,Creator/UGC,Desktop,45635,1330,0.0292,1.37,0.0149,19,1822.1,1471.52,83.22,-350.58
2025-07,Affiliates,Mobile,30616,425,0.0139,0.6,0.0132,5,255.0,430.13,87.47,175.13
2025-07,Brand Search,Mobile,23749,1069,0.0451,1.2,0.0266,28,1282.8,2959.18,109.33,1676.38
2025-07,Non-Brand Search,Mobile,25423,346,0.0136,1.38,0.0089,3,477.48,145.0,45.92,-332.48
2025-07,Prospecting,Mobile,52732,1196,0.0227,1.13,0.0175,20,1351.48,1865.81,90.24,514.33
2025-07,Retargeting,Mobile,42204,1117,0.0265,1.22,0.0206,23,1362.74,1777.32,78.14,414.58
2025-07,Creator/UGC,Mobile,61919,323,0.0052,2.12,0.0246,7,684.76,785.43,102.27,100.67
2025-07,Affiliates,Mobile,23972,536,0.0224,0.65,0.0174,9,348.4,709.32,71.74,360.92
2025-07,Brand Search,Desktop,39971,1699,0.0425,1.29,0.0237,40,2191.71,2423.8,67.24,232.09
2025-07,Non-Brand Search,Desktop,36747,726,0.0198,1.08,0.0216,15,784.08,927.87,68.75,143.79
2025-07,Prospecting,Mobile,50682,241,0.0048,1.36,0.016,3,327.76,225.61,82.66,-102.15
2025-07,Retargeting,Desktop,43444,1398,0.0322,1.29,0.0283,39,1803.42,2201.85,64.46,398.43
2025-07,Creator/UGC,Mobile,55258,1659,0.03,1.0,0.0168,27,1659.0,1770.52,63.01,111.52
2025-07,Affiliates,Mobile,20647,468,0.0227,0.64,0.0215,10,299.52,701.32,69.9,401.8
2025-07,Brand Search,Mobile,32348,1282,0.0397,1.49,0.0216,27,1910.18,2814.44,105.68,904.26
2025-07,Non-Brand Search,Desktop,33058,448,0.0136,1.51,0.0228,10,676.48,678.88,71.44,2.4
2025-07,Prospecting,Mobile,52733,723,0.0137,1.48,0.0285,20,1070.04,1427.38,74.04,357.34
2025-07,Retargeting,Mobile,29857,710,0.0238,1.32,0.0242,17,937.2,1606.9,96.47,669.7
2025-07,Creator/UGC,Mobile,57253,2004,0.035,1.09,0.0258,51,2184.36,4635.12,95.75,2450.76
2025-07,Affiliates,Mobile,34262,782,0.0228,0.48,0.0185,14,375.36,817.48,67.12,442.12
2025-07,Brand Search,Desktop,21382,953,0.0446,1.21,0.0263,25,1153.13,2670.37,94.96,1517.24
2025-07,Non-Brand Search,Desktop,27145,453,0.0167,1.6,0.002,0,724.8,0.0,70.72,-724.8
2025-07,Prospecting,Mobile,55232,967,0.0175,1.17,0.0251,24,1131.39,1611.2,64.48,479.81
2025-07,Retargeting,Mobile,33906,426,0.0126,1.94,0.0217,9,826.44,617.64,68.93,-208.8
2025-07,Creator/UGC,Mobile,62754,1619,0.0258,1.2,0.0118,19,1942.8,1770.84,93.31,-171.96
2025-07,Affiliates,Desktop,47785,1438,0.0301,0.35,0.0108,15,503.3,1597.33,100.84,1094.03
2025-07,Brand Search,Desktop,20071,700,0.0349,1.55,0.023,16,1085.0,1487.72,86.94,402.72
2025-07,Non-Brand Search,Desktop,40540,990,0.0244,1.29,0.0128,12,1277.1,1414.42,109.7,137.32
2025-07,Prospecting,Mobile,49386,1219,0.0247,1.09,0.0145,17,1328.71,1121.14,76.43,-207.57
2025-07,Retargeting,Desktop,40601,1298,0.032,1.53,0.0222,28,1985.94,2343.07,82.37,357.13
2025-07,Creator/UGC,Mobile,46205,481,0.0104,1.77,0.0197,9,851.37,868.28,101.35,16.91
2025-07,Affiliates,Mobile,37869,984,0.026,0.88,0.0284,27,865.92,2376.71,82.81,1510.79
2025-07,Brand Search,Desktop,50626,1641,0.0324,1.21,0.016,26,1985.61,2251.01,82.79,265.4
2025-07,Non-Brand Search,Desktop,25641,1112,0.0434,1.38,0.0182,20,1534.56,1854.23,96.85,319.67
2025-07,Prospecting,Mobile,51893,1366,0.0263,1.28,0.014,19,1748.48,1333.8,67.09,-414.68
2025-07,Retargeting,Mobile,32343,268,0.0083,1.63,0.0199,5,436.84,458.62,101.23,21.78
2025-07,Creator/UGC,Mobile,50755,370,0.0073,1.46,0.0273,10,540.2,984.14,94.63,443.94
2025-07,Affiliates,Mobile,24895,491,0.0197,0.6,0.0151,7,294.6,327.86,46.12,33.26
2025-07,Brand Search,Mobile,28911,1440,0.0498,1.58,0.0229,32,2275.2,2527.9,78.03,252.7
2025-07,Non-Brand Search,Mobile,29987,895,0.0299,1.21,0.0187,16,1082.95,1619.88,105.42,536.93
2025-07,Prospecting,Mobile,56303,1150,0.0204,0.78,0.015,17,897.0,631.09,34.37,-265.91
2025-07,Retargeting,Mobile,43477,1078,0.0248,1.37,0.0263,28,1476.86,2660.34,91.87,1183.48
2025-07,Creator/UGC,Mobile,53223,1462,0.0275,0.85,0.0208,30,1242.7,2275.48,73.28,1032.78
2025-07,Affiliates,Desktop,36761,857,0.0233,0.92,0.0155,13,788.44,1066.4,77.71,277.96
2025-07,Brand Search,Mobile,22004,723,0.0329,1.68,0.0308,22,1214.64,2097.86,82.47,883.22
2025-07,Non-Brand Search,Mobile,19755,470,0.0238,1.19,0.017,8,559.3,707.17,99.58,147.87
2025-07,Prospecting,Mobile,53693,933,0.0174,1.51,0.0149,13,1408.83,1406.45,118.02,-2.38
2025-07,Retargeting,Desktop,42430,839,0.0198,1.3,0.0267,22,1090.7,1447.19,68.2,356.49
2025-07,Creator/UGC,Desktop,41951,1265,0.0302,1.67,0.0177,22,2112.55,1766.07,78.92,-346.48
2025-07,Affiliates,Mobile,38238,595,0.0156,0.56,0.0183,10,333.2,700.57,68.1,367.37
2025-07,Brand Search,Desktop,21335,935,0.0439,1.06,0.0227,21,991.1,2036.97,93.7,1045.87
2025-07,Non-Brand Search,Mobile,36617,812,0.0222,1.58,0.0157,12,1282.96,1147.26,98.09,-135.7
2025-07,Prospecting,Desktop,52919,636,0.012,1.48,0.0229,14,941.28,1453.52,92.37,512.24
2025-07,Retargeting,Mobile,30448,745,0.0245,1.18,0.0309,23,879.1,1913.11,85.96,1034.01
2025-07,Creator/UGC,Mobile,34234,804,0.0235,1.44,0.0153,12,1157.76,904.98,75.83,-252.78
2025-07,Affiliates,Mobile,48844,1317,0.027,0.57,0.0243,31,750.69,3111.42,101.13,2360.73
2025-07,Brand Search,Mobile,36146,1738,0.0481,1.24,0.0226,39,2155.12,2454.29,58.38,299.17
2025-07,Non-Brand Search,Desktop,36856,1280,0.0347,1.46,0.0266,34,1868.8,4034.38,106.21,2165.58
2025-07,Prospecting,Desktop,37512,666,0.0178,1.27,0.0213,14,845.82,918.44,67.5,72.62
2025-07,Retargeting,Desktop,27544,631,0.0229,1.1,0.0275,17,694.1,1390.35,81.8,696.25
2025-07,Creator/UGC,Desktop,54897,1925,0.0351,1.57,0.0206,39,3022.25,3410.37,84.84,388.12
2025-07,Affiliates,Desktop,31297,806,0.0258,0.68,0.0112,9,548.08,619.74,65.42,71.66
2025-07,Brand Search,Mobile,32727,1525,0.0466,1.43,0.0265,40,2180.75,3481.28,84.8,1300.53
2025-07,Non-Brand Search,Mobile,44154,897,0.0203,1.47,0.0146,13,1318.59,1038.33,83.95,-280.26
2025-07,Prospecting,Mobile,57541,1531,0.0266,1.34,0.011,16,2051.54,1327.99,82.72,-723.55
2025-07,Retargeting,Desktop,26987,645,0.0239,1.64,0.0297,19,1057.8,1596.68,97.11,538.88
2025-07,Creator/UGC,Mobile,42048,876,0.0208,1.01,0.028,24,884.76,1922.0,72.73,1037.24
2025-07,Affiliates,Mobile,31561,732,0.0232,0.55,0.0093,6,402.6,482.51,81.92,79.91
2025-07,Brand Search,Mobile,40382,1798,0.0445,1.04,0.0283,50,1869.92,3313.94,67.34,1444.02
2025-07,Non-Brand Search,Mobile,31875,779,0.0244,1.45,0.0149,11,1129.55,1054.59,90.89,-74.96
2025-07,Prospecting,Desktop,55747,970,0.0174,1.41,0.0236,22,1367.7,1029.77,44.68,-337.93
2025-07,Retargeting,Mobile,24197,566,0.0234,1.18,0.0325,18,667.88,1382.72,76.81,714.84
2025-07,Creator/UGC,Mobile,57904,1725,0.0298,1.42,0.024,41,2449.5,3005.6,79.99,556.1
2025-07,Affiliates,Mobile,40483,1126,0.0278,1.0,0.0091,10,1126.0,973.54,100.29,-152.46
2025-07,Brand Search,Mobile,20148,573,0.0285,0.68,0.0303,17,389.64,1335.61,77.45,945.97
2025-07,Non-Brand Search,Mobile,26026,502,0.0193,1.78,0.0263,13,893.56,1299.98,94.38,406.42
2025-07,Prospecting,Desktop,54638,905,0.0166,1.24,0.0108,9,1122.2,883.15,101.06,-239.05
2025-07,Retargeting,Desktop,36582,787,0.0215,1.59,0.0267,21,1251.33,1827.69,84.59,576.36
2025-07,Creator/UGC,Desktop,51807,1168,0.0226,0.96,0.0169,19,1121.28,2159.53,101.55,1038.25
2025-07,Affiliates,Mobile,14219,274,0.0193,0.47,0.0231,6,128.78,394.73,61.79,265.95
2025-08,Brand Search,Mobile,43599,1371,0.0315,0.92,0.0205,28,1261.32,1554.8,64.09,293.48
2025-08,Non-Brand Search,Mobile,43808,1046,0.0239,1.55,0.0156,16,1621.3,1295.1,80.73,-326.2
2025-08,Prospecting,Desktop,77536,1743,0.0225,1.23,0.0165,28,2143.89,3003.02,102.78,859.13
2025-08,Retargeting,Mobile,29430,398,0.0135,1.22,0.029,11,485.56,868.84,73.76,383.28
2025-08,Creator/UGC,Mobile,56764,836,0.0147,1.44,0.0173,14,1203.84,1283.67,83.35,79.83
2025-08,Affiliates,Mobile,24632,367,0.0149,0.66,0.0234,8,242.22,626.83,80.06,384.61
2025-08,Brand Search,Mobile,34509,1409,0.0408,0.88,0.0277,39,1239.92,3167.35,81.49,1927.43
2025-08,Non-Brand Search,Mobile,47019,1305,0.0278,1.47,0.0198,25,1918.35,1531.46,60.32,-386.89
2025-08,Prospecting,Desktop,56547,1521,0.0269,1.12,0.0158,24,1703.52,1548.77,59.44,-154.75
2025-08,Retargeting,Desktop,15423,308,0.02,1.45,0.0273,8,446.6,712.09,89.22,265.49
2025-08,Creator/UGC,Mobile,60751,1002,0.0165,1.5,0.0186,18,1503.0,1040.53,59.32,-462.47
2025-08,Affiliates,Mobile,19899,391,0.0197,1.04,0.0226,8,406.64,751.07,87.09,344.43
2025-08,Brand Search,Mobile,29956,1322,0.0441,1.57,0.0262,34,2075.54,2987.84,94.53,912.3
2025-08,Non-Brand Search,Mobile,28775,833,0.029,1.39,0.0135,11,1157.87,1243.61,109.04,85.74
2025-08,Prospecting,Mobile,65203,578,0.0089,1.12,0.0216,12,647.36,914.23,82.65,266.87
2025-08,Retargeting,Mobile,27752,726,0.0262,1.6,0.0288,20,1161.6,1474.56,66.76,312.96
2025-08,Creator/UGC,Desktop,45243,1351,0.0299,1.26,0.0251,33,1702.26,2486.81,71.24,784.55
2025-08,Affiliates,Desktop,28098,763,0.0272,0.56,0.0195,14,427.28,1380.81,95.6,953.53
2025-08,Brand Search,Desktop,41987,1697,0.0404,1.48,0.0178,30,2511.56,2575.65,89.86,64.09
2025-08,Non-Brand Search,Desktop,41202,713,0.0173,1.5,0.0123,8,1069.5,433.3,63.72,-636.2
2025-08,Prospecting,Mobile,43563,1092,0.0251,1.5,0.0121,13,1638.0,952.53,70.44,-685.47
2025-08,Retargeting,Desktop,30129,819,0.0272,1.38,0.0212,17,1130.22,1550.64,93.35,420.42
2025-08,Creator/UGC,Desktop,44045,919,0.0209,1.43,0.02,18,1314.17,1459.36,75.88,145.19
2025-08,Affiliates,Mobile,29647,905,0.0305,0.51,0.0136,12,461.55,584.82,50.23,123.27
2025-08,Brand Search,Mobile,43974,1601,0.0364,1.02,0.0218,34,1633.02,2483.9,79.27,850.88
2025-08,Non-Brand Search,Desktop,46383,489,0.0106,1.17,0.0088,4,572.13,260.61,69.84,-311.52
2025-08,Prospecting,Desktop,41352,1015,0.0246,1.79,0.0113,11,1816.85,738.09,70.94,-1078.76
2025-08,Retargeting,Mobile,37558,1018,0.0271,1.09,0.0271,27,1109.62,2399.87,83.83,1290.25
2025-08,Creator/UGC,Mobile,48854,818,0.0167,1.64,0.0166,13,1341.52,860.1,66.04,-481.42
2025-08,Affiliates,Mobile,37777,1147,0.0304,0.78,0.0174,19,894.66,1695.45,87.54,800.79
2025-08,Brand Search,Mobile,40108,1936,0.0483,1.26,0.0149,28,2439.36,2907.2,102.07,467.84
2025-08,Non-Brand Search,Desktop,30443,373,0.0123,1.27,0.0223,8,473.71,741.56,91.37,267.85
2025-08,Prospecting,Mobile,58291,1105,0.019,1.24,0.0163,17,1370.2,1431.19,87.93,60.99
2025-08,Retargeting,Mobile,22387,491,0.0219,1.69,0.0286,14,829.79,839.46,66.69,9.67
2025-08,Creator/UGC,Mobile,41176,501,0.0122,1.35,0.0144,7,676.35,528.6,67.06,-147.75
2025-08,Affiliates,Mobile,47054,528,0.0112,0.68,0.0208,11,359.04,1332.55,121.66,973.51
2025-08,Brand Search,Desktop,36427,848,0.0233,1.05,0.0196,16,890.4,1406.4,82.86,516.0
2025-08,Non-Brand Search,Mobile,29039,773,0.0266,1.28,0.0161,12,989.44,837.28,74.57,-152.16
2025-08,Prospecting,Desktop,35707,439,0.0123,1.73,0.023,10,759.47,976.43,86.77,216.96
2025-08,Retargeting,Desktop,32187,433,0.0135,1.24,0.0196,8,536.92,649.41,81.18,112.49
2025-08,Creator/UGC,Mobile,57005,1660,0.0291,1.74,0.0107,17,2888.4,1274.94,83.93,-1613.46
2025-08,Affiliates,Mobile,29266,792,0.0271,0.37,0.0151,11,293.04,1085.86,103.85,792.82
2025-08,Brand Search,Mobile,30688,1038,0.0338,1.23,0.0292,30,1276.74,2467.15,81.27,1190.41
2025-08,Non-Brand Search,Desktop,40842,952,0.0233,1.05,0.0075,7,999.6,455.16,72.46,-544.44
2025-08,Prospecting,Desktop,62438,810,0.013,1.32,0.0129,10,1069.2,835.88,92.81,-233.32
2025-08,Retargeting,Desktop,44843,1272,0.0284,1.5,0.0242,30,1908.0,2209.74,76.42,301.74
2025-08,Creator/UGC,Desktop,59690,1550,0.026,1.69,0.0132,20,2619.5,1873.37,81.93,-746.13
2025-08,Affiliates,Mobile,25574,484,0.0189,1.08,0.018,8,522.72,502.62,62.89,-20.1
2025-08,Brand Search,Desktop,34579,1131,0.0327,1.14,0.0339,38,1289.34,2933.07,81.4,1643.73
2025-08,Non-Brand Search,Desktop,33444,936,0.028,1.98,0.0134,12,1853.28,1164.96,99.91,-688.32
2025-08,Prospecting,Desktop,50143,1157,0.0231,1.43,0.0159,18,1654.51,1253.81,65.65,-400.7
2025-08,Retargeting,Desktop,24911,476,0.0191,1.21,0.0247,11,575.96,1074.4,92.35,498.44
2025-08,Creator/UGC,Mobile,45371,766,0.0169,1.82,0.0242,18,1394.12,1522.75,85.16,128.63
2025-08,Affiliates,Mobile,26417,489,0.0185,0.35,0.0193,9,171.15,786.68,82.34,615.53
2025-08,Brand Search,Mobile,28094,1160,0.0413,1.15,0.0239,27,1334.0,1762.06,68.99,428.06
2025-08,Non-Brand Search,Mobile,29189,644,0.0221,1.32,0.0116,7,850.08,703.94,94.64,-146.14
2025-08,Prospecting,Mobile,52444,968,0.0185,1.39,0.0147,14,1345.52,871.32,68.74,-474.2
2025-08,Retargeting,Mobile,25781,231,0.009,2.14,0.0399,9,494.34,1046.14,110.38,551.8
2025-08,Creator/UGC,Mobile,49384,942,0.0191,1.58,0.0172,16,1488.36,1407.9,91.6,-80.46
2025-08,Affiliates,Mobile,25275,737,0.0292,0.46,0.011,8,339.02,787.67,95.59,448.65
2025-08,Brand Search,Mobile,33642,1391,0.0414,1.55,0.0277,38,2156.05,3530.6,89.15,1374.55
2025-08,Non-Brand Search,Mobile,28303,985,0.0348,1.42,0.0216,21,1398.7,1407.21,70.75,8.51
2025-08,Prospecting,Mobile,59832,601,0.01,0.92,0.0175,10,552.92,738.38,71.76,185.46
2025-08,Retargeting,Desktop,28488,445,0.0156,1.57,0.0228,10,698.65,707.73,75.14,9.08
2025-08,Creator/UGC,Desktop,63700,1383,0.0217,1.33,0.0237,32,1839.39,1444.19,45.4,-395.2
2025-08,Affiliates,Mobile,35498,547,0.0154,0.4,0.0213,11,218.8,826.54,75.99,607.74
2025-08,Brand Search,Mobile,24860,964,0.0388,1.31,0.0217,20,1262.84,1792.64,82.72,529.8
2025-08,Non-Brand Search,Desktop,26445,807,0.0305,1.41,0.0207,16,1137.87,1167.21,77.5,29.34
2025-08,Prospecting,Mobile,55365,897,0.0162,1.0,0.0196,17,897.0,1677.42,91.44,780.42
2025-08,Retargeting,Mobile,37026,626,0.0169,1.08,0.0236,14,676.08,1315.92,81.48,639.84
2025-08,Creator/UGC,Mobile,46923,817,0.0174,1.47,0.0167,13,1200.99,1321.04,98.47,120.05
2025-08,Affiliates,Desktop,17726,396,0.0223,1.05,0.0197,7,415.8,637.66,90.47,221.86
2025-08,Brand Search,Mobile,22264,866,0.0389,1.11,0.0241,20,961.26,1910.04,100.11,948.78
2025-08,Non-Brand Search,Mobile,30630,495,0.0162,1.64,0.0144,7,811.8,728.72,98.97,-83.08
2025-08,Prospecting,Mobile,44031,869,0.0197,1.35,0.0114,9,1173.15,738.88,82.18,-434.27
2025-08,Retargeting,Mobile,25325,581,0.023,1.26,0.0177,10,732.06,826.41,84.85,94.35
2025-08,Creator/UGC,Desktop,59867,891,0.0149,1.62,0.0255,22,1443.42,1699.83,90.9,256.41
2025-08,Affiliates,Desktop,27270,460,0.0169,0.9,0.0287,13,414.0,1219.81,88.27,805.81
2025-08,Brand Search,Desktop,26839,976,0.0364,1.58,0.0191,18,1542.08,1934.46,98.86,392.38
2025-08,Non-Brand Search,Mobile,29391,794,0.027,1.49,0.0239,18,1183.06,1425.34,81.12,242.28
2025-08,Prospecting,Mobile,48688,862,0.0177,1.5,0.0104,9,1293.0,480.16,51.23,-812.84
2025-08,Retargeting,Mobile,26259,560,0.0213,1.55,0.0271,15,868.0,1324.29,87.76,456.29
2025-08,Creator/UGC,Mobile,51049,1342,0.0263,1.48,0.0205,27,1986.16,2135.67,92.81,149.51
2025-08,Affiliates,Mobile,15285,215,0.0141,1.13,0.0024,0,242.95,0.0,87.79,-242.95
2025-08,Brand Search,Desktop,31073,845,0.0272,1.14,0.0289,24,963.3,2595.08,106.8,1631.78
2025-08,Non-Brand Search,Desktop,54313,1210,0.0223,1.22,0.0114,13,1476.2,729.34,56.52,-746.86
2025-08,Prospecting,Mobile,53111,1095,0.0206,1.54,0.0086,9,1686.3,684.51,78.69,-1001.79
2025-08,Retargeting,Mobile,36550,820,0.0224,1.05,0.0159,13,861.0,1343.97,100.94,482.97
2025-08,Creator/UGC,Mobile,50991,1106,0.0217,1.48,0.0205,22,1636.88,1553.32,75.23,-83.56
2025-08,Affiliates,Mobile,41701,787,0.0189,0.77,0.0084,6,605.99,413.21,66.08,-192.78
2025-08,Brand Search,Mobile,31384,845,0.0269,1.4,0.0229,19,1183.0,1563.26,81.17,380.26
2025-08,Non-Brand Search,Mobile,19525,554,0.0284,1.18,0.0147,8,653.72,766.58,89.54,112.86
2025-08,Prospecting,Mobile,61372,1430,0.0233,1.27,0.0251,35,1816.1,3590.68,100.35,1774.58
2025-08,Retargeting,Desktop,29195,413,0.0142,1.42,0.0263,10,586.46,923.41,92.18,336.95
2025-08,Creator/UGC,Mobile,55040,781,0.0142,1.11,0.0202,15,866.91,1090.04,75.68,223.13
2025-08,Affiliates,Mobile,28064,617,0.022,0.91,0.0167,10,561.47,850.71,80.54,289.24
2025-08,Brand Search,Desktop,35847,1434,0.04,1.46,0.0283,40,2093.64,4360.73,101.37,2267.09
2025-08,Non-Brand Search,Mobile,26542,379,0.0143,1.77,0.0193,7,670.83,808.45,110.22,137.62
2025-08,Prospecting,Mobile,55298,1190,0.0215,1.2,0.0142,16,1428.0,600.58,37.61,-827.42
2025-08,Retargeting,Desktop,42635,805,0.0189,1.36,0.0307,24,1094.8,2222.09,94.64,1127.29
2025-08,Creator/UGC,Mobile,45292,1267,0.028,1.39,0.0228,28,1761.13,2192.34,74.78,431.21
2025-08,Affiliates,Mobile,30509,552,0.0181,0.54,0.009,4,298.08,274.79,72.42,-23.29
2025-08,Brand Search,Desktop,30716,1212,0.0395,1.12,0.0279,33,1357.44,2561.87,72.55,1204.43
2025-08,Non-Brand Search,Mobile,32457,861,0.0266,1.18,0.0185,15,1015.98,949.27,63.81,-66.71
2025-08,Prospecting,Desktop,50352,668,0.0133,1.61,0.0077,5,1075.48,556.3,101.36,-519.18
2025-08,Retargeting,Mobile,24129,685,0.0284,1.68,0.0329,22,1150.8,2702.34,122.41,1551.54
2025-08,Creator/UGC,Mobile,62183,1724,0.0277,1.35,0.0224,38,2327.4,2982.4,74.05,655.0
2025-08,Affiliates,Mobile,33459,818,0.0245,1.06,0.0191,15,867.08,1375.68,95.41,508.6
2025-08,Brand Search,Desktop,36799,1862,0.0506,1.75,0.0238,44,3258.5,2686.1,64.23,-572.4
2025-08,Non-Brand Search,Mobile,31782,749,0.0236,1.51,0.0267,19,1130.99,2076.78,122.39,945.79
2025-08,Prospecting,Mobile,60191,815,0.0135,1.15,0.0165,13,937.25,1283.33,110.4,346.08
2025-08,Retargeting,Mobile,26437,454,0.0172,1.1,0.0229,10,499.4,946.41,89.96,447.01
2025-08,Creator/UGC,Desktop,51694,1039,0.0201,1.15,0.0177,18,1194.85,1374.07,73.02,179.22
2025-08,Affiliates,Mobile,37144,911,0.0245,0.35,0.0132,11,318.85,1291.22,111.8,972.37
2025-08,Brand Search,Mobile,30639,1225,0.04,1.07,0.025,30,1310.75,2739.08,89.19,1428.33
2025-08,Non-Brand Search,Mobile,31911,847,0.0266,1.07,0.0268,22,906.29,1710.35,78.57,804.06
2025-08,Prospecting,Desktop,56843,1200,0.0211,1.39,0.0189,22,1668.0,1666.77,69.34,-1.23
2025-08,Retargeting,Desktop,21350,391,0.0183,1.2,0.0264,10,469.2,911.72,90.86,442.52
2025-08,Creator/UGC,Desktop,54367,1306,0.024,1.63,0.0153,19,2128.78,1406.2,72.81,-722.58
2025-08,Affiliates,Mobile,42427,1148,0.0271,0.7,0.0219,25,803.6,2591.06,93.6,1787.46
2025-08,Brand Search,Mobile,23652,688,0.0291,1.17,0.024,16,804.96,1716.66,105.34,911.7
2025-08,Non-Brand Search,Desktop,15049,211,0.0141,1.31,0.0148,3,276.41,244.59,84.79,-31.82
2025-08,Prospecting,Mobile,47118,1031,0.0219,1.58,0.02,20,1628.98,1890.43,92.97,261.45
2025-08,Retargeting,Desktop,43540,985,0.0226,1.24,0.0359,35,1221.4,2907.69,96.24,1686.29
2025-08,Creator/UGC,Mobile,49824,1080,0.0217,1.32,0.0155,16,1425.6,1599.92,106.12,174.32
2025-08,Affiliates,Desktop,25888,409,0.0158,0.69,0.0239,9,282.21,733.3,80.18,451.09
2025-08,Brand Search,Mobile,36749,1215,0.0331,1.21,0.0294,35,1470.15,2996.35,81.96,1526.2
2025-08,Non-Brand Search,Mobile,24560,542,0.0221,1.31,0.0219,11,710.02,909.39,74.99,199.37
2025-08,Prospecting,Desktop,47616,1278,0.0268,1.06,0.0107,13,1354.68,841.88,64.05,-512.8
2025-08,Retargeting,Mobile,46803,855,0.0183,1.16,0.0248,21,991.8,1817.14,86.82,825.34
2025-08,Creator/UGC,Desktop,50950,1076,0.0211,1.38,0.0106,11,1484.88,1083.85,97.35,-401.03
2025-08,Affiliates,Mobile,25374,600,0.0237,0.45,0.0207,12,270.0,851.66,78.69,581.66
2025-08,Brand Search,Mobile,45781,1923,0.042,0.69,0.0185,35,1326.87,2977.67,75.05,1650.8
2025-08,Non-Brand Search,Mobile,27519,529,0.0192,1.73,0.0165,8,915.17,769.96,89.97,-145.21
2025-08,Prospecting,Desktop,43676,618,0.0142,1.14,0.0209,12,704.52,956.65,89.55,252.13
2025-08,Retargeting,Desktop,43678,1063,0.0243,1.89,0.0269,28,2009.07,1957.46,78.31,-51.61
2025-08,Creator/UGC,Mobile,47976,914,0.0191,1.2,0.0206,18,1096.8,1602.36,93.11,505.56
2025-08,Affiliates,Mobile,17160,429,0.025,0.69,0.023,9,296.01,823.53,90.54,527.52
2025-08,Brand Search,Desktop,30363,1155,0.038,1.37,0.0265,30,1582.35,3183.35,106.69,1601.0
2025-08,Non-Brand Search,Desktop,25678,360,0.014,1.43,0.0171,6,514.8,549.4,91.55,34.6
2025-08,Prospecting,Mobile,44052,1315,0.0299,1.49,0.0138,18,1959.35,1516.02,93.03,-443.33
2025-08,Retargeting,Mobile,26620,465,0.0175,1.56,0.0245,11,725.4,876.86,78.84,151.46
2025-08,Creator/UGC,Mobile,54534,1202,0.0221,1.54,0.0274,32,1851.08,2855.0,87.44,1003.92
2025-08,Affiliates,Mobile,37543,749,0.02,1.27,0.0087,6,951.23,606.73,101.11,-344.5
2025-08,Brand Search,Mobile,34918,1425,0.0408,1.33,0.0271,38,1895.25,2938.97,87.1,1043.72
2025-08,Non-Brand Search,Mobile,29523,503,0.017,1.56,0.0197,9,784.68,561.35,66.85,-223.33
2025-08,Prospecting,Desktop,48402,1367,0.0282,1.23,0.0165,22,1681.41,1669.86,77.81,-11.55
2025-08,Retargeting,Mobile,39000,684,0.0176,1.85,0.0289,19,1265.4,1782.83,94.46,517.43
2025-08,Creator/UGC,Mobile,57051,1646,0.0289,1.68,0.02,32,2765.28,2468.85,75.23,-296.43
2025-08,Affiliates,Mobile,22884,475,0.0208,0.73,0.0247,11,346.75,976.68,86.82,629.93
2025-08,Brand Search,Mobile,33839,1435,0.0424,1.98,0.0307,44,2841.3,3726.95,91.06,885.65
2025-08,Non-Brand Search,Mobile,21876,359,0.0164,1.28,0.0137,4,459.52,277.19,69.9,-182.33
2025-08,Prospecting,Desktop,61385,1679,0.0274,1.66,0.0242,40,2787.14,4430.94,117.82,1643.8
2025-08,Retargeting,Mobile,44290,1033,0.0233,1.5,0.0293,30,1549.5,1778.54,61.53,229.04
2025-08,Creator/UGC,Desktop,43959,797,0.0182,1.13,0.0143,11,900.61,752.28,75.26,-148.33
2025-08,Affiliates,Mobile,29453,708,0.024,0.35,0.0186,13,247.8,1263.58,99.68,1015.78
2025-08,Brand Search,Desktop,37560,1189,0.0317,1.75,0.027,32,2080.75,2778.26,81.11,697.51
2025-08,Non-Brand Search,Desktop,34378,1057,0.0308,1.22,0.0152,16,1289.54,1769.47,111.47,479.93
2025-08,Prospecting,Mobile,44180,908,0.0206,1.33,0.0106,9,1207.64,558.67,56.15,-648.97
2025-08,Retargeting,Desktop,31224,632,0.0202,1.21,0.0282,17,764.72,1589.1,105.34,824.38
2025-08,Creator/UGC,Desktop,57665,1172,0.0203,1.49,0.0092,10,1746.28,825.68,84.29,-920.6
2025-08,Affiliates,Mobile,45282,1041,0.023,0.39,0.0114,11,405.99,857.39,77.16,451.4
2025-08,Brand Search,Mobile,35705,1549,0.0434,1.2,0.0295,45,1858.8,3448.9,78.72,1590.1
2025-08,Non-Brand Search,Desktop,30180,778,0.0258,1.19,0.0177,13,925.82,1132.37,93.68,206.55
2025-08,Prospecting,Mobile,41322,1297,0.0314,1.47,0.0126,16,1906.59,1651.69,97.48,-254.9
2025-08,Retargeting,Mobile,37338,708,0.019,1.28,0.0274,19,906.24,1381.09,66.64,474.85
2025-08,Creator/UGC,Mobile,51903,714,0.0138,0.79,0.0251,17,564.06,1615.27,94.13,1051.21
2025-08,Affiliates,Mobile,33886,822,0.0243,0.79,0.0226,18,649.38,1717.24,94.7,1067.86
2025-08,Brand Search,Desktop,32746,1145,0.035,1.07,0.0218,24,1225.15,2114.65,98.09,889.5
2025-08,Non-Brand Search,Desktop,42839,874,0.0204,1.48,0.0107,9,1293.52,632.48,66.21,-661.04
2025-08,Prospecting,Desktop,47441,1197,0.0252,1.16,0.0226,27,1388.52,1801.23,70.39,412.71
2025-08,Retargeting,Mobile,28987,895,0.0309,0.81,0.0267,23,724.95,2213.4,100.94,1488.45
2025-08,Creator/UGC,Mobile,50738,524,0.0103,1.37,0.0174,9,717.88,815.02,83.06,97.14
2025-08,Affiliates,Mobile,34491,656,0.019,0.77,0.0187,12,505.12,1053.6,87.29,548.48
2025-08,Brand Search,Mobile,26779,1089,0.0407,1.16,0.0279,30,1263.24,2219.18,80.24,955.94
2025-08,Non-Brand Search,Mobile,23380,561,0.024,1.3,0.0201,11,729.3,975.1,84.08,245.8
2025-08,Prospecting,Desktop,58225,1187,0.0204,1.06,0.0285,33,1258.22,2694.88,83.35,1436.66
2025-08,Retargeting,Mobile,35048,455,0.013,1.64,0.0255,11,746.2,637.95,59.25,-108.25
2025-08,Creator/UGC,Desktop,62215,1282,0.0206,1.22,0.0063,8,1564.04,664.24,85.86,-899.8
2025-08,Affiliates,Mobile,40237,762,0.0189,0.83,0.02,15,632.46,841.23,63.67,208.77
2025-08,Brand Search,Desktop,24920,910,0.0365,1.22,0.0162,14,1110.2,1076.72,79.35,-33.48
2025-08,Non-Brand Search,Mobile,31757,518,0.0163,1.26,0.0172,8,652.68,777.9,99.37,125.22
2025-08,Prospecting,Mobile,47335,967,0.0204,1.3,0.0216,20,1257.1,2037.76,104.25,780.66
2025-08,Retargeting,Desktop,30389,523,0.0172,1.02,0.0327,17,533.46,1817.34,107.97,1283.88
2025-08,Creator/UGC,Desktop,42699,1314,0.0308,1.39,0.0204,26,1826.46,1778.73,68.86,-47.73
2025-08,Affiliates,Desktop,39971,988,0.0247,0.72,0.0135,13,711.36,1066.19,83.05,354.83
2025-09,Brand Search,Mobile,29651,1019,0.0344,1.43,0.0303,30,1457.17,3750.37,112.13,2293.2
2025-09,Non-Brand Search,Desktop,22098,491,0.0222,1.08,0.0117,5,530.28,220.92,44.8,-309.36
2025-09,Prospecting,Mobile,48712,1035,0.0213,1.22,0.011,11,1262.7,910.89,80.59,-351.81
2025-09,Retargeting,Mobile,45103,180,0.004,1.2,0.0188,3,216.0,311.64,103.73,95.64
2025-09,Creator/UGC,Desktop,46061,733,0.0159,1.58,0.0248,18,1158.14,1424.54,72.06,266.4
2025-09,Affiliates,Desktop,30234,808,0.0268,0.54,0.0313,25,436.32,2813.17,104.84,2376.85
2025-09,Brand Search,Mobile,39676,1544,0.0389,0.85,0.0233,35,1312.4,3108.86,78.8,1796.46
2025-09,Non-Brand Search,Mobile,20576,296,0.0144,1.1,0.0202,5,325.6,493.29,92.21,167.69
2025-09,Prospecting,Mobile,52709,811,0.0154,1.21,0.0231,18,981.31,1043.43,55.61,62.12
2025-09,Retargeting,Mobile,47616,970,0.0204,1.35,0.0425,41,1309.5,3410.53,91.43,2101.03
2025-09,Creator/UGC,Mobile,44368,592,0.0134,1.36,0.0167,9,805.12,646.58,71.69,-158.54
2025-09,Affiliates,Mobile,35369,781,0.0221,0.92,0.0201,15,718.52,1360.43,88.13,641.91
2025-09,Brand Search,Mobile,34764,1465,0.0421,1.25,0.0196,28,1831.25,2551.22,95.82,719.97
2025-09,Non-Brand Search,Mobile,27664,798,0.0289,1.0,0.0228,18,798.0,1883.56,99.85,1085.56
2025-09,Prospecting,Mobile,52282,1335,0.0255,0.92,0.0051,6,1228.2,516.63,87.88,-711.57
2025-09,Retargeting,Desktop,41333,802,0.0194,1.68,0.0327,26,1347.36,2117.82,84.05,770.46
2025-09,Creator/UGC,Mobile,63072,1768,0.028,1.37,0.0179,31,2422.16,2956.99,102.04,534.83
2025-09,Affiliates,Mobile,46470,1125,0.0242,0.35,0.0142,15,393.75,1466.29,105.32,1072.54
2025-09,Brand Search,Mobile,44435,1752,0.0394,1.14,0.0226,39,1997.28,3515.27,81.35,1517.99
2025-09,Non-Brand Search,Mobile,22587,425,0.0188,1.68,0.0183,7,714.0,593.35,87.55,-120.65
2025-09,Prospecting,Mobile,38675,471,0.0122,1.14,0.0258,12,536.94,911.41,73.22,374.47
2025-09,Retargeting,Desktop,34165,873,0.0256,0.74,0.0182,15,646.02,1518.89,98.57,872.87
2025-09,Creator/UGC,Mobile,58920,1311,0.0223,1.23,0.009,11,1612.53,1050.58,91.9,-561.95
2025-09,Affiliates,Mobile,36614,797,0.0218,0.44,0.0155,12,350.68,945.76,78.3,595.08
2025-09,Brand Search,Mobile,37058,1432,0.0386,1.56,0.0181,25,2233.92,2470.99,101.37,237.07
2025-09,Non-Brand Search,Desktop,40367,1045,0.0259,1.44,0.0142,14,1504.8,1032.04,70.25,-472.76
2025-09,Prospecting,Mobile,52444,1540,0.0294,1.59,0.0189,29,2448.6,2674.56,93.95,225.96
2025-09,Retargeting,Mobile,26435,223,0.0085,1.86,0.0288,6,414.78,490.44,75.36,75.66
2025-09,Creator/UGC,Mobile,48861,978,0.02,1.44,0.0183,17,1408.32,1006.94,63.19,-401.38
2025-09,Affiliates,Mobile,35952,609,0.017,0.35,0.0185,11,213.15,899.52,83.49,686.37
2025-09,Brand Search,Mobile,19682,714,0.0363,1.48,0.0345,24,1056.72,2064.2,86.56,1007.48
2025-09,Non-Brand Search,Mobile,30584,700,0.0229,0.92,0.0186,13,644.0,928.02,67.11,284.02
2025-09,Prospecting,Mobile,51850,1289,0.0249,1.27,0.0186,23,1637.03,1338.73,61.75,-298.3
2025-09,Retargeting,Mobile,42396,739,0.0174,1.55,0.0377,27,1145.45,2240.49,75.31,1095.04
2025-09,Creator/UGC,Mobile,44676,1097,0.0246,1.2,0.0172,18,1316.4,1782.8,89.8,466.4
2025-09,Affiliates,Desktop,33779,787,0.0233,0.52,0.0121,9,409.24,749.32,85.63,340.08
2025-09,Brand Search,Desktop,21552,786,0.0365,0.72,0.0221,17,565.92,1692.85,94.68,1126.93
2025-09,Non-Brand Search,Mobile,18588,324,0.0175,1.41,0.0194,6,456.84,527.77,80.76,70.93
2025-09,Prospecting,Desktop,67142,1930,0.0288,1.56,0.0105,20,3010.8,1278.3,64.36,-1732.5
2025-09,Retargeting,Mobile,25765,370,0.0144,1.5,0.0288,10,555.0,1020.53,103.52,465.53
2025-09,Creator/UGC,Mobile,65480,1013,0.0155,1.27,0.0204,20,1286.51,1154.26,60.56,-132.25
2025-09,Affiliates,Mobile,21981,215,0.0098,0.65,0.0161,3,139.75,353.06,107.62,213.31
2025-09,Brand Search,Mobile,24563,834,0.034,0.89,0.018,15,742.26,1025.18,70.76,282.92
2025-09,Non-Brand Search,Desktop,34327,700,0.0204,1.56,0.0131,9,1092.0,925.29,88.65,-166.71
2025-09,Prospecting,Mobile,55200,1060,0.0192,1.33,0.0207,21,1409.8,1965.52,85.45,555.72
2025-09,Retargeting,Desktop,39482,951,0.0241,1.52,0.0351,33,1445.52,3329.8,96.94,1884.28
2025-09,Creator/UGC,Mobile,54878,986,0.018,1.11,0.0233,22,1094.46,2226.49,101.81,1132.03
2025-09,Affiliates,Mobile,29728,626,0.0211,0.72,0.0215,13,450.72,1012.54,84.24,561.82
2025-09,Brand Search,Mobile,37110,1276,0.0344,1.28,0.0287,36,1633.28,3755.47,103.77,2122.19
2025-09,Non-Brand Search,Mobile,52619,1368,0.026,1.27,0.0253,34,1737.36,2314.75,73.95,577.39
2025-09,Prospecting,Mobile,43082,798,0.0185,1.39,0.0295,23,1109.22,2548.11,116.92,1438.89
2025-09,Retargeting,Mobile,42098,531,0.0126,1.18,0.025,13,626.58,1160.93,91.98,534.35
2025-09,Creator/UGC,Desktop,43457,494,0.0114,1.1,0.0232,11,543.4,1134.73,97.72,591.33
2025-09,Affiliates,Mobile,27210,349,0.0129,0.35,0.0193,6,122.15,549.97,89.67,427.82
2025-09,Brand Search,Desktop,29500,916,0.0311,1.24,0.0207,18,1135.84,1644.18,90.39,508.34
2025-09,Non-Brand Search,Mobile,21624,181,0.0084,1.42,0.019,3,257.02,240.72,87.55,-16.3
2025-09,Prospecting,Mobile,53349,1510,0.0283,1.14,0.0086,12,1721.4,938.76,75.65,-782.64
2025-09,Retargeting,Desktop,37697,816,0.0217,1.34,0.0279,22,1093.44,2113.44,100.94,1020.0
2025-09,Creator/UGC,Mobile,47594,1175,0.0247,1.51,0.0245,28,1774.25,2057.32,79.8,283.07
2025-09,Affiliates,Mobile,23690,717,0.0303,0.42,0.0197,14,301.14,1154.45,94.49,853.31
2025-09,Brand Search,Mobile,32711,1082,0.0331,1.12,0.0219,23,1211.84,1586.21,78.79,374.37
2025-09,Non-Brand Search,Mobile,27031,360,0.0133,1.36,0.0142,5,489.6,333.78,66.93,-155.82
2025-09,Prospecting,Mobile,49041,678,0.0138,1.2,0.0212,14,813.6,972.92,71.38,159.32
2025-09,Retargeting,Desktop,47961,1316,0.0274,0.9,0.0271,35,1184.4,3262.64,88.79,2078.24
2025-09,Creator/UGC,Mobile,57900,1529,0.0264,1.58,0.0222,33,2415.82,2220.46,68.72,-195.36
2025-09,Affiliates,Mobile,26622,543,0.0204,0.57,0.0179,9,309.51,945.17,101.65,635.66
2025-09,Brand Search,Desktop,28598,1195,0.0418,1.05,0.0276,32,1254.75,2866.92,90.53,1612.17
2025-09,Non-Brand Search,Mobile,44879,1224,0.0273,1.11,0.011,13,1358.64,711.74,55.53,-646.9
2025-09,Prospecting,Desktop,53033,1105,0.0208,1.76,0.023,25,1944.8,1870.18,76.17,-74.62
2025-09,Retargeting,Mobile,22853,406,0.0178,1.15,0.0232,9,466.9,781.74,89.5,314.84
2025-09,Creator/UGC,Mobile,60177,2090,0.0347,1.55,0.0118,24,3239.5,2253.18,87.92,-986.32
2025-09,Affiliates,Mobile,48452,1016,0.021,1.05,0.009,9,1066.8,845.31,81.84,-221.49
2025-09,Brand Search,Mobile,25972,915,0.0352,1.88,0.03,27,1720.2,2119.08,76.76,398.88
2025-09,Non-Brand Search,Mobile,28428,375,0.0132,1.74,0.022,8,652.5,736.08,88.29,83.58
2025-09,Prospecting,Mobile,66789,1342,0.0201,1.24,0.0214,28,1664.08,2130.66,76.31,466.58
2025-09,Retargeting,Mobile,30426,850,0.028,1.14,0.0144,12,969.0,973.1,78.13,4.1
2025-09,Creator/UGC,Desktop,64440,1731,0.0269,1.61,0.0229,39,2786.91,3770.13,98.78,983.22
2025-09,Affiliates,Desktop,31493,512,0.0163,0.45,0.0228,11,230.4,878.03,85.11,647.63
2025-09,Brand Search,Mobile,32882,1071,0.0326,1.05,0.034,36,1124.55,2298.18,65.65,1173.63
2025-09,Non-Brand Search,Mobile,33678,524,0.0156,1.66,0.0173,9,869.84,505.5,64.98,-364.34
2025-09,Prospecting,Mobile,50079,1049,0.021,1.62,0.0128,13,1699.38,1181.02,85.78,-518.36
2025-09,Retargeting,Mobile,36716,943,0.0257,1.68,0.0255,24,1584.24,1747.15,73.32,162.91
2025-09,Creator/UGC,Mobile,66856,1562,0.0234,1.56,0.0176,27,2436.72,2436.35,81.07,-0.37
2025-09,Affiliates,Desktop,28748,590,0.0205,0.35,0.026,15,206.5,1739.68,116.38,1533.18
2025-09,Brand Search,Desktop,40312,1514,0.0376,1.52,0.0236,35,2301.28,2854.4,76.77,553.12
2025-09,Non-Brand Search,Mobile,37600,1209,0.0322,1.63,0.0172,20,1970.67,2057.27,93.35,86.6
2025-09,Prospecting,Mobile,46950,888,0.0189,1.24,0.0245,21,1101.12,1756.71,87.43,655.59
2025-09,Retargeting,Desktop,13834,277,0.0201,1.32,0.0256,7,365.64,564.72,85.13,199.08
2025-09,Creator/UGC,Mobile,59849,1959,0.0327,0.96,0.0113,22,1880.64,1800.4,78.03,-80.24
2025-09,Affiliates,Desktop,35681,698,0.0196,0.76,0.0218,15,530.48,1523.13,111.78,992.65
2025-09,Brand Search,Mobile,33667,1080,0.0321,1.88,0.0282,30,2030.4,2320.81,70.07,290.41
2025-09,Non-Brand Search,Mobile,43959,873,0.0199,1.0,0.0127,11,873.0,965.86,89.24,92.86
2025-09,Prospecting,Mobile,40119,724,0.0181,1.61,0.0201,14,1165.64,1353.19,97.82,187.55
2025-09,Retargeting,Desktop,33319,580,0.0174,1.02,0.0209,12,591.6,735.44,57.17,143.84
2025-09,Creator/UGC,Desktop,48987,684,0.014,1.11,0.015,10,759.24,922.45,95.44,163.21
2025-09,Affiliates,Mobile,28327,587,0.0207,0.45,0.0272,15,264.15,942.91,61.22,678.76
2025-09,Brand Search,Desktop,44947,1856,0.0413,1.81,0.0267,49,3359.36,2915.79,55.68,-443.57
2025-09,Non-Brand Search,Mobile,30839,516,0.0168,1.09,0.0204,10,562.44,885.45,85.62,323.01
2025-09,Prospecting,Desktop,50980,897,0.0176,1.43,0.0241,21,1282.71,2540.9,110.78,1258.19
2025-09,Retargeting,Mobile,38944,684,0.0176,1.48,0.0228,15,1012.32,1242.72,81.97,230.4
2025-09,Creator/UGC,Mobile,47463,1196,0.0252,1.41,0.0244,29,1686.36,2235.17,74.77,548.81
2025-09,Affiliates,Mobile,41273,568,0.0138,0.48,0.0102,5,272.64,548.41,97.02,275.77
2025-09,Brand Search,Mobile,24497,942,0.0385,1.46,0.0257,24,1375.32,2326.18,95.27,950.86
2025-09,Non-Brand Search,Mobile,21905,495,0.0226,1.34,0.0221,10,663.3,917.48,91.53,254.18
2025-09,Prospecting,Mobile,36709,228,0.0062,1.24,0.0087,1,282.72,70.26,77.41,-212.46
2025-09,Retargeting,Mobile,32379,754,0.0233,1.64,0.0252,18,1236.56,1505.54,86.64,268.98
2025-09,Creator/UGC,Mobile,27122,716,0.0264,1.32,0.0272,19,945.12,1165.2,58.27,220.08
2025-09,Affiliates,Desktop,46000,906,0.0197,0.83,0.0255,23,751.98,2429.74,102.28,1677.76
2025-09,Brand Search,Mobile,27030,922,0.0341,1.1,0.0266,24,1014.2,1962.0,83.19,947.8
2025-09,Non-Brand Search,Mobile,28098,670,0.0239,1.52,0.0171,11,1018.4,1017.92,88.1,-0.48
2025-09,Prospecting,Mobile,60269,1336,0.0222,1.65,0.0115,15,2204.4,1271.69,82.23,-932.71
2025-09,Retargeting,Desktop,32809,810,0.0247,0.94,0.0311,25,761.4,2063.82,87.72,1302.42
2025-09,Creator/UGC,Mobile,47012,1129,0.024,1.32,0.0094,10,1490.28,792.01,83.28,-698.27
2025-09,Affiliates,Mobile,21836,571,0.0262,1.0,0.0124,7,571.0,531.32,76.29,-39.68
2025-09,Brand Search,Mobile,25395,823,0.0324,1.16,0.0324,26,954.68,2169.22,75.83,1214.54
2025-09,Non-Brand Search,Desktop,41025,1015,0.0248,1.56,0.0096,9,1583.4,640.93,67.46,-942.47
2025-09,Prospecting,Mobile,56009,224,0.004,1.14,0.0173,3,255.36,216.06,76.07,-39.3
2025-09,Retargeting,Desktop,39430,1128,0.0286,1.36,0.0235,26,1534.08,2253.49,86.45,719.41
2025-09,Creator/UGC,Desktop,40643,847,0.0208,1.45,0.0169,14,1228.15,1335.29,99.96,107.14
2025-09,Affiliates,Desktop,32979,453,0.0138,0.76,0.018,8,344.28,692.22,84.14,347.94
2025-09,Brand Search,Desktop,32988,1133,0.0344,1.69,0.0384,43,1914.77,4215.46,100.57,2300.69
2025-09,Non-Brand Search,Mobile,20468,558,0.0273,1.51,0.0226,12,842.58,974.32,89.73,131.74
2025-09,Prospecting,Mobile,50373,1033,0.0205,1.32,0.0162,16,1363.56,1212.03,75.82,-151.53
2025-09,Retargeting,Mobile,31874,523,0.0164,1.42,0.0196,10,742.66,719.1,77.62,-23.56
2025-09,Creator/UGC,Mobile,70490,1433,0.0203,1.54,0.0211,30,2206.82,2726.7,81.5,519.88
2025-09,Affiliates,Desktop,31257,878,0.0281,0.78,0.0177,15,684.84,1387.06,83.56,702.22
2025-09,Brand Search,Mobile,28679,1119,0.039,1.34,0.0288,32,1499.46,2730.86,84.07,1231.4
2025-09,Non-Brand Search,Mobile,29517,514,0.0174,1.13,0.0234,12,580.82,1367.79,115.12,786.97
2025-09,Prospecting,Mobile,61669,813,0.0132,1.44,0.0224,18,1170.72,1742.06,85.91,571.34
2025-09,Retargeting,Mobile,23872,299,0.0125,1.37,0.0253,7,409.63,1005.56,118.87,595.93
2025-09,Creator/UGC,Mobile,71222,1161,0.0163,1.1,0.0231,26,1277.1,2022.8,69.26,745.7
2025-09,Affiliates,Mobile,20067,440,0.022,0.37,0.0242,10,162.8,742.38,68.98,579.58
2025-09,Brand Search,Mobile,35801,1354,0.0378,1.49,0.0228,30,2017.46,2707.6,91.71,690.14
2025-09,Non-Brand Search,Mobile,34033,603,0.0177,1.43,0.0226,13,862.29,969.19,81.04,106.9
2025-09,Prospecting,Desktop,51619,1251,0.0242,1.1,0.0185,23,1376.1,1770.77,76.74,394.67
2025-09,Retargeting,Desktop,27926,838,0.03,1.36,0.0274,22,1139.68,1887.89,77.24,748.21
2025-09,Creator/UGC,Desktop,36189,547,0.0151,1.32,0.0137,7,722.04,483.47,76.34,-238.57
2025-09,Affiliates,Desktop,19017,303,0.016,0.45,0.0126,3,136.35,348.53,120.97,212.18
2025-09,Brand Search,Desktop,45412,1952,0.043,1.23,0.0245,47,2400.96,4649.43,94.68,2248.47
2025-09,Non-Brand Search,Mobile,28780,749,0.026,1.12,0.0143,10,838.88,1192.75,121.54,353.87
2025-09,Prospecting,Desktop,41900,938,0.0224,1.59,0.0147,13,1491.42,797.16,60.9,-694.26
2025-09,Retargeting,Mobile,30862,833,0.027,1.17,0.0319,26,974.61,2365.44,92.24,1390.83
2025-09,Creator/UGC,Mobile,40103,550,0.0137,1.29,0.0233,12,709.5,983.26,86.66,273.76
2025-09,Affiliates,Desktop,28964,777,0.0268,0.89,0.013,10,691.53,601.35,61.01,-90.18
2025-09,Brand Search,Mobile,28937,1005,0.0348,1.76,0.0265,26,1768.8,2301.78,96.82,532.98
2025-09,Non-Brand Search,Desktop,27592,795,0.0288,1.27,0.0227,18,1009.65,1600.12,87.43,590.47
2025-09,Prospecting,Desktop,36668,644,0.0176,1.25,0.017,10,805.0,945.6,86.63,140.6
2025-09,Retargeting,Desktop,32885,871,0.0265,0.94,0.0319,27,818.74,1504.07,61.32,685.33
2025-09,Creator/UGC,Mobile,45131,1027,0.0228,1.18,0.0192,19,1211.86,1553.7,83.14,341.84
2025-09,Affiliates,Mobile,36267,557,0.0154,0.35,0.0207,11,194.95,828.02,77.05,633.07
2025-09,Brand Search,Mobile,33108,705,0.0213,1.14,0.0302,21,803.7,1746.89,81.48,943.19
2025-09,Non-Brand Search,Mobile,33823,611,0.0181,1.61,0.0197,12,983.71,1327.58,103.9,343.87
2025-09,Prospecting,Desktop,43478,614,0.0141,1.11,0.0173,10,681.54,919.63,95.51,238.09
2025-09,Retargeting,Desktop,20556,656,0.0319,1.47,0.0257,16,964.32,1348.53,83.08,384.21
2025-09,Creator/UGC,Mobile,52368,483,0.0092,1.02,0.0207,10,492.66,759.2,77.56,266.54
2025-09,Affiliates,Mobile,20608,508,0.0247,0.83,0.0196,9,421.64,608.01,71.32,186.37
2025-09,Brand Search,Desktop,32318,1012,0.0313,1.32,0.0239,24,1335.84,2582.14,98.39,1246.3
2025-09,Non-Brand Search,Desktop,22287,350,0.0157,1.49,0.0061,2,521.5,153.8,76.5,-367.7
2025-09,Prospecting,Mobile,59705,893,0.015,1.58,0.0229,20,1410.94,1681.86,80.89,270.92
2025-09,Retargeting,Desktop,32105,1045,0.0326,1.34,0.029,30,1400.3,2691.65,81.18,1291.35
2025-09,Creator/UGC,Desktop,38499,623,0.0162,1.7,0.017,10,1059.1,972.4,87.48,-86.7
2025-09,Affiliates,Mobile,40117,1010,0.0252,0.42,0.0101,10,424.2,888.72,90.96,464.52
2025-09,Brand Search,Mobile,43461,1805,0.0415,1.33,0.0234,42,2400.65,3302.32,84.3,901.67
2025-09,Non-Brand Search,Desktop,28470,273,0.0096,1.67,0.0181,4,455.91,404.19,110.76,-51.72
2025-09,Prospecting,Mobile,54356,689,0.0127,1.24,0.0119,8,854.36,675.29,86.29,-179.07
2025-09,Retargeting,Desktop,36921,693,0.0188,1.16,0.015,10,803.88,730.9,72.8,-72.98
2025-09,Creator/UGC,Mobile,57804,851,0.0147,1.07,0.023,19,910.57,1434.2,69.38,523.63
2025-09,Affiliates,Desktop,36172,671,0.0186,0.44,0.0299,20,295.24,1904.77,96.17,1609.53
2025-09,Brand Search,Mobile,30521,1420,0.0465,1.75,0.018,25,2485.0,2481.59,99.16,-3.41
2025-09,Non-Brand Search,Desktop,20498,333,0.0163,1.62,0.0203,6,539.46,474.96,71.64,-64.5
2025-09,Prospecting,Mobile,57836,1199,0.0207,1.18,0.0217,26,1414.82,2080.76,80.28,665.94
2025-09,Retargeting,Mobile,19397,183,0.0095,1.78,0.0138,2,325.74,196.56,98.62,-129.18
2025-09,Creator/UGC,Mobile,48012,700,0.0146,1.08,0.0053,3,756.0,205.48,70.54,-550.52
2025-09,Affiliates,Desktop,29495,552,0.0187,0.44,0.0208,11,242.88,1167.69,104.54,924.81
2025-09,Brand Search,Mobile,40421,1791,0.0443,1.44,0.0292,52,2579.04,4792.14,95.19,2213.1
2025-09,Non-Brand Search,Desktop,31662,380,0.012,1.74,0.0114,4,661.2,389.04,95.13,-272.16
2025-09,Prospecting,Desktop,49419,1430,0.0289,1.1,0.0219,31,1573.0,1960.7,74.41,387.7
2025-09,Retargeting,Desktop,39958,885,0.0222,1.72,0.0246,21,1522.2,1416.85,63.8,-105.35
2025-09,Creator/UGC,Desktop,47230,1174,0.0249,1.61,0.0157,18,1890.14,1622.08,91.58,-268.06
2025-09,Affiliates,Mobile,41679,1293,0.031,0.79,0.0199,25,1021.47,2427.49,90.43,1406.02
2025-10,Brand Search,Mobile,41063,1583,0.0386,1.44,0.0198,31,2279.52,2991.38,87.09,711.86
2025-10,Non-Brand Search,Desktop,30005,442,0.0148,1.52,0.0233,10,671.84,1054.56,97.51,382.72
2025-10,Prospecting,Mobile,48938,596,0.0122,1.23,0.0123,7,733.08,660.86,94.24,-72.22
2025-10,Retargeting,Desktop,26385,631,0.0239,1.32,0.0155,9,832.92,765.34,87.16,-67.58
2025-10,Creator/UGC,Mobile,45481,941,0.0207,1.35,0.0084,7,1270.35,671.13,98.78,-599.22
2025-10,Affiliates,Desktop,20308,576,0.0284,0.62,0.0205,11,357.12,897.34,75.18,540.22
2025-10,Brand Search,Desktop,22975,919,0.04,1.5,0.0236,21,1378.5,1746.08,85.27,367.58
2025-10,Non-Brand Search,Desktop,36491,556,0.0153,1.44,0.0205,11,800.64,971.71,81.81,171.07
2025-10,Prospecting,Mobile,47459,1163,0.0245,1.02,0.0094,10,1186.26,843.79,80.03,-342.47
2025-10,Retargeting,Desktop,34704,855,0.0246,1.73,0.0167,14,1479.15,1294.54,91.29,-184.61
2025-10,Creator/UGC,Mobile,60058,845,0.0141,1.65,0.0186,15,1394.25,1131.04,82.68,-263.21
2025-10,Affiliates,Mobile,31777,465,0.0147,0.83,0.008,3,385.95,282.13,94.14,-103.82
2025-10,Brand Search,Mobile,48328,1982,0.041,1.52,0.0289,57,3012.64,4747.77,74.57,1735.13
2025-10,Non-Brand Search,Desktop,21337,411,0.0193,1.38,0.0274,11,567.18,962.09,83.89,394.91
2025-10,Prospecting,Desktop,54313,1508,0.0278,1.11,0.02,30,1673.88,2629.88,77.9,956.0
2025-10,Retargeting,Mobile,28868,763,0.0264,1.19,0.0218,16,907.97,1257.21,78.51,349.24
2025-10,Creator/UGC,Desktop,56047,1148,0.0205,1.25,0.0088,10,1435.0,1062.93,104.38,-372.07
2025-10,Affiliates,Mobile,23014,405,0.0176,0.35,0.0172,6,141.75,714.68,118.11,572.93
2025-10,Brand Search,Desktop,41757,1489,0.0357,1.31,0.0294,43,1950.59,3654.34,77.22,1703.75
2025-10,Non-Brand Search,Desktop,16696,305,0.0183,1.11,0.0243,7,338.55,516.54,79.59,177.99
2025-10,Prospecting,Desktop,51823,762,0.0147,1.81,0.0131,9,1379.22,716.55,74.48,-662.67
2025-10,Retargeting,Mobile,29998,565,0.0189,1.7,0.0333,18,960.5,1528.84,82.99,568.34
2025-10,Creator/UGC,Desktop,60636,1426,0.0235,1.59,0.0161,23,2267.34,1901.14,84.82,-366.2
2025-10,Affiliates,Mobile,19194,378,0.0197,0.59,0.0152,5,223.02,553.46,121.47,330.44
2025-10,Brand Search,Mobile,34486,1033,0.03,1.6,0.0353,36,1652.8,3197.64,88.86,1544.84
2025-10,Non-Brand Search,Mobile,29262,473,0.0162,1.32,0.0191,9,624.36,732.3,75.44,107.94
2025-10,Prospecting,Desktop,53850,891,0.0165,1.31,0.0184,16,1167.21,1042.61,70.63,-124.6
2025-10,Retargeting,Desktop,29252,497,0.017,1.2,0.0325,16,596.4,1329.53,84.2,733.13
2025-10,Creator/UGC,Mobile,64053,1724,0.0269,1.56,0.0158,27,2689.44,1572.92,55.77,-1116.52
2025-10,Affiliates,Desktop,32996,1079,0.0327,0.61,0.0222,23,658.19,2622.82,122.43,1964.63
2025-10,Brand Search,Mobile,29723,1059,0.0356,0.85,0.0302,32,900.15,2912.58,91.28,2012.43
2025-10,Non-Brand Search,Mobile,20339,329,0.0162,1.36,0.0228,7,447.44,463.97,67.88,16.53
2025-10,Prospecting,Mobile,55875,1025,0.0184,1.1,0.0082,8,1127.5,771.3,107.82,-356.2
2025-10,Retargeting,Mobile,29807,626,0.021,2.02,0.0203,12,1264.52,1022.5,83.71,-242.02
2025-10,Creator/UGC,Desktop,42067,1019,0.0242,1.68,0.025,25,1711.92,1921.59,78.44,209.67
2025-10,Affiliates,Mobile,35169,818,0.0233,0.64,0.0188,15,523.52,1361.57,90.18,838.05
2025-10,Brand Search,Mobile,16788,648,0.0386,1.66,0.0215,13,1075.68,1109.05,81.73,33.37
2025-10,Non-Brand Search,Mobile,26894,390,0.0145,1.36,0.0128,5,530.4,417.7,86.54,-112.7
2025-10,Prospecting,Mobile,53692,1542,0.0287,1.72,0.0203,31,2652.24,2073.79,63.07,-578.45
2025-10,Retargeting,Mobile,32230,835,0.0259,1.99,0.0333,27,1661.65,2456.73,97.4,795.08
2025-10,Creator/UGC,Mobile,39793,797,0.02,1.12,0.0222,17,892.64,1777.59,106.38,884.95
2025-10,Affiliates,Mobile,40485,1032,0.0255,0.65,0.0073,7,670.8,449.77,71.95,-221.03
2025-10,Brand Search,Mobile,35728,1030,0.0288,1.25,0.0321,33,1287.5,3632.87,103.2,2345.37
2025-10,Non-Brand Search,Mobile,37418,987,0.0264,1.29,0.0177,17,1273.23,1741.51,93.6,468.28
2025-10,Prospecting,Desktop,72039,2215,0.0308,1.11,0.0189,41,2458.65,3294.01,78.16,835.36
2025-10,Retargeting,Mobile,38345,1186,0.0309,1.63,0.0268,31,1933.18,2736.19,85.65,803.01
2025-10,Creator/UGC,Desktop,52729,936,0.0178,1.02,0.0242,22,954.72,2116.76,92.34,1162.04
2025-10,Affiliates,Mobile,32286,721,0.0224,0.77,0.0149,10,555.17,621.71,58.29,66.54
2025-10,Brand Search,Mobile,34412,980,0.0285,1.38,0.029,28,1352.4,1053.38,37.72,-299.02
2025-10,Non-Brand Search,Desktop,30345,766,0.0253,1.29,0.0099,7,988.14,478.43,69.49,-509.71
2025-10,Prospecting,Mobile,68026,1673,0.0246,1.47,0.015,25,2459.31,1445.26,59.09,-1014.05
2025-10,Retargeting,Mobile,33943,1001,0.0295,1.13,0.0312,31,1131.13,2337.88,63.29,1206.75
2025-10,Creator/UGC,Mobile,62030,713,0.0115,1.17,0.0213,15,834.21,1080.21,70.18,246.0
2025-10,Affiliates,Mobile,27829,578,0.0208,1.0,0.0108,6,578.0,372.26,63.08,-205.74
2025-10,Brand Search,Desktop,42011,1943,0.0463,1.12,0.025,48,2176.16,3744.39,80.53,1568.23
2025-10,Non-Brand Search,Desktop,47275,1303,0.0276,1.4,0.0117,15,1824.2,1303.82,102.26,-520.38
2025-10,Prospecting,Mobile,37906,573,0.0151,1.56,0.0156,8,893.88,728.94,87.69,-164.94
2025-10,Retargeting,Desktop,49472,1121,0.0227,1.16,0.0246,27,1300.36,3139.33,116.14,1838.97
2025-10,Creator/UGC,Desktop,53088,567,0.0107,1.52,0.0158,8,861.84,726.95,87.25,-134.89
2025-10,Affiliates,Desktop,23674,504,0.0213,0.35,0.0251,12,176.4,1126.91,95.7,950.51
2025-10,Brand Search,Mobile,20566,794,0.0387,1.5,0.0199,15,1191.0,1158.54,82.73,-32.46
2025-10,Non-Brand Search,Mobile,21635,337,0.0156,1.42,0.0116,3,478.54,259.67,86.53,-218.87
2025-10,Prospecting,Mobile,49128,753,0.0153,1.73,0.0208,15,1302.69,1267.58,86.73,-35.11
2025-10,Retargeting,Desktop,35503,502,0.0142,1.18,0.0259,13,592.36,1261.46,93.64,669.1
2025-10,Creator/UGC,Desktop,55104,1175,0.0213,0.84,0.0123,14,987.0,1047.37,78.45,60.37
2025-10,Affiliates,Mobile,39010,1155,0.0296,0.92,0.0247,28,1062.6,2586.47,88.67,1523.87
2025-10,Brand Search,Mobile,34670,1110,0.032,1.47,0.034,37,1631.7,2627.73,72.64,996.03
2025-10,Non-Brand Search,Desktop,43416,761,0.0175,1.68,0.0223,17,1278.48,983.9,60.74,-294.58
2025-10,Prospecting,Desktop,54328,1283,0.0236,1.51,0.023,29,1937.33,2496.59,73.17,559.26
2025-10,Retargeting,Desktop,23528,294,0.0125,1.44,0.0295,8,423.36,526.69,73.76,103.33
2025-10,Creator/UGC,Mobile,56292,1153,0.0205,1.05,0.0278,32,1210.65,3202.64,96.86,1991.99
2025-10,Affiliates,Mobile,44196,994,0.0225,0.64,0.0183,18,636.16,1932.05,104.71,1295.89
2025-10,Brand Search,Desktop,43811,1686,0.0385,1.66,0.0249,42,2798.76,2921.87,71.43,123.11
2025-10,Non-Brand Search,Mobile,37295,650,0.0174,1.28,0.0124,8,832.0,752.25,99.26,-79.75
2025-10,Prospecting,Mobile,36822,379,0.0103,1.18,0.0213,8,447.22,696.94,81.27,249.72
2025-10,Retargeting,Mobile,41590,1080,0.026,1.06,0.0254,27,1144.8,2054.24,73.74,909.44
2025-10,Creator/UGC,Desktop,47791,841,0.0176,1.28,0.0171,14,1076.48,1005.98,74.14,-70.5
2025-10,Affiliates,Mobile,31353,388,0.0124,0.61,0.0189,7,236.68,573.68,89.65,337.0
2025-10,Brand Search,Desktop,45588,1210,0.0265,1.38,0.0246,29,1669.8,2199.83,78.37,530.03
2025-10,Non-Brand Search,Desktop,32878,618,0.0188,1.14,0.0208,12,704.52,1077.0,86.42,372.48
2025-10,Prospecting,Mobile,50488,1311,0.026,1.6,0.0201,26,2097.6,2632.08,106.34,534.48
2025-10,Retargeting,Desktop,31951,794,0.0249,1.31,0.0217,17,1040.14,1770.11,115.49,729.97
2025-10,Creator/UGC,Desktop,55701,854,0.0153,1.23,0.0219,18,1050.42,1480.4,77.42,429.98
2025-10,Affiliates,Mobile,35541,540,0.0152,0.85,0.0223,12,459.0,1231.85,98.79,772.85
2025-10,Brand Search,Mobile,47143,899,0.0191,0.97,0.0255,22,872.03,1840.56,84.69,968.53
2025-10,Non-Brand Search,Mobile,40753,1171,0.0287,1.39,0.0211,24,1627.69,2032.59,82.67,404.9
2025-10,Prospecting,Mobile,51539,679,0.0132,1.2,0.0089,6,814.8,498.16,76.58,-316.64
2025-10,Retargeting,Mobile,31455,366,0.0117,1.06,0.0279,10,387.96,717.22,67.61,329.26
2025-10,Creator/UGC,Mobile,58737,925,0.0158,1.67,0.0122,11,1544.75,1096.27,94.89,-448.48
2025-10,Affiliates,Mobile,43065,706,0.0164,0.42,0.0194,13,296.52,976.1,84.81,679.58
2025-10,Brand Search,Mobile,46359,1468,0.0317,1.54,0.0285,41,2260.72,2707.64,62.95,446.92
2025-10,Non-Brand Search,Mobile,36129,662,0.0183,1.17,0.0243,16,774.54,1208.25,75.57,433.71
2025-10,Prospecting,Mobile,45089,306,0.0068,1.49,0.0206,6,455.94,405.72,74.47,-50.22
2025-10,Retargeting,Mobile,31884,686,0.0215,1.01,0.0234,16,692.86,1315.19,89.28,622.33
2025-10,Creator/UGC,Mobile,57717,1429,0.0248,1.29,0.0145,20,1843.41,1948.48,89.96,105.07
2025-10,Affiliates,Mobile,14573,287,0.0197,0.71,0.0203,5,203.77,383.84,70.63,180.07
2025-10,Brand Search,Desktop,42853,2259,0.0527,1.35,0.0273,61,3049.65,6437.63,98.13,3387.98
2025-10,Non-Brand Search,Desktop,48563,1464,0.0301,0.94,0.0237,34,1376.16,2014.19,58.4,638.03
2025-10,Prospecting,Desktop,55921,1789,0.032,1.59,0.0166,29,2844.51,2424.99,83.99,-419.52
2025-10,Retargeting,Desktop,37129,582,0.0157,1.28,0.0241,14,744.96,1168.97,83.51,424.01
2025-10,Creator/UGC,Desktop,50821,559,0.011,1.6,0.0253,14,894.4,856.17,63.71,-38.23
2025-10,Affiliates,Desktop,38066,753,0.0198,0.35,0.0175,13,263.55,979.03,75.13,715.48
2025-10,Brand Search,Mobile,21200,795,0.0375,1.47,0.0244,19,1168.65,1767.38,95.81,598.73
2025-10,Non-Brand Search,Mobile,27053,460,0.017,1.1,0.0162,7,506.0,494.69,65.76,-11.31
2025-10,Prospecting,Mobile,57213,919,0.0161,1.32,0.0157,14,1213.08,988.05,70.89,-225.03
2025-10,Retargeting,Desktop,23142,674,0.0291,0.59,0.0232,15,397.66,965.67,68.7,568.01
2025-10,Creator/UGC,Mobile,44104,803,0.0182,1.51,0.0145,11,1212.53,799.34,82.44,-413.19
2025-10,Affiliates,Mobile,39845,425,0.0107,0.55,0.0215,9,233.75,862.96,96.24,629.21
2025-10,Brand Search,Desktop,36103,1480,0.041,1.16,0.0424,62,1716.8,4103.5,69.32,2386.7
2025-10,Non-Brand Search,Mobile,48529,790,0.0163,1.7,0.013,10,1343.0,547.14,51.73,-795.86
2025-10,Prospecting,Mobile,46579,528,0.0113,1.32,0.0201,10,696.96,865.89,89.44,168.93
2025-10,Retargeting,Mobile,36043,364,0.0101,1.52,0.02,7,553.28,638.06,84.75,84.78
2025-10,Creator/UGC,Desktop,57918,1602,0.0277,1.62,0.0118,18,2595.24,1382.33,79.14,-1212.91
2025-10,Affiliates,Mobile,30535,606,0.0199,0.91,0.0191,11,551.46,1229.07,106.96,677.61
2025-10,Brand Search,Desktop,36051,1357,0.0377,0.92,0.0279,37,1248.44,3444.45,100.86,2196.01
2025-10,Non-Brand Search,Mobile,22012,383,0.0174,1.61,0.0193,7,616.63,557.36,81.86,-59.27
2025-10,Prospecting,Mobile,40997,726,0.0177,1.35,0.0118,8,980.1,682.5,90.87,-297.6
2025-10,Retargeting,Mobile,29298,765,0.0261,1.45,0.0266,20,1109.25,1463.64,74.32,354.39
2025-10,Creator/UGC,Desktop,58640,824,0.0141,1.26,0.0238,19,1038.24,1831.1,97.07,792.86
2025-10,Affiliates,Desktop,33153,522,0.0158,0.55,0.0192,10,287.1,797.14,76.91,510.04
2025-10,Brand Search,Mobile,37778,1605,0.0425,1.6,0.0308,49,2568.0,4738.58,96.3,2170.58
2025-10,Non-Brand Search,Desktop,40193,840,0.0209,1.09,0.0142,11,915.6,1210.97,104.45,295.37
2025-10,Prospecting,Mobile,55792,1465,0.0263,1.6,0.021,30,2344.0,2322.87,83.55,-21.13
2025-10,Retargeting,Desktop,45125,1084,0.024,1.16,0.0213,23,1257.44,2102.46,89.92,845.02
2025-10,Creator/UGC,Mobile,55759,1391,0.025,1.56,0.0233,32,2169.96,2780.12,94.9,610.16
2025-10,Affiliates,Mobile,35627,840,0.0236,0.6,0.0087,7,504.0,520.44,72.73,16.44
2025-10,Brand Search,Mobile,37535,1630,0.0435,1.51,0.0306,49,2461.3,4678.88,105.54,2217.58
2025-10,Non-Brand Search,Mobile,40891,1197,0.0293,1.44,0.0128,15,1723.68,1334.82,87.09,-388.86
2025-10,Prospecting,Desktop,54358,747,0.0138,1.74,0.0221,16,1299.78,1290.27,83.02,-9.51
2025-10,Retargeting,Mobile,45140,843,0.0187,1.4,0.0268,22,1180.2,2369.36,104.95,1189.16
2025-10,Creator/UGC,Mobile,53074,896,0.0169,1.5,0.0173,15,1344.0,1318.53,92.99,-25.47
2025-10,Affiliates,Mobile,37570,927,0.0247,1.01,0.0212,19,936.27,1500.31,80.63,564.04
2025-10,Brand Search,Mobile,41558,2297,0.0553,0.87,0.0234,53,1998.39,4608.95,89.38,2610.56
2025-10,Non-Brand Search,Desktop,32159,715,0.0222,1.54,0.0212,15,1101.1,1297.92,84.92,196.82
2025-10,Prospecting,Mobile,55916,834,0.0149,1.47,0.0209,17,1225.98,947.68,52.85,-278.3
2025-10,Retargeting,Desktop,35158,507,0.0144,1.32,0.0313,15,669.24,1483.99,91.64,814.75
2025-10,Creator/UGC,Mobile,53805,741,0.0138,1.21,0.0195,14,896.61,732.14,58.19,-164.47
2025-10,Affiliates,Desktop,12731,270,0.0212,0.35,0.0201,5,94.5,379.77,75.08,285.27
2025-10,Brand Search,Desktop,21236,787,0.0371,1.02,0.0197,15,802.74,938.54,63.98,135.8
2025-10,Non-Brand Search,Desktop,32271,639,0.0198,1.05,0.011,7,670.95,380.18,50.54,-290.77
2025-10,Prospecting,Desktop,49638,1104,0.0223,1.37,0.0164,18,1512.48,1652.71,95.34,140.23
2025-10,Retargeting,Mobile,31812,701,0.022,1.19,0.0156,10,834.19,912.48,85.22,78.29
2025-10,Creator/UGC,Desktop,49813,920,0.0185,1.6,0.0165,15,1472.0,1203.43,74.58,-268.57
2025-10,Affiliates,Mobile,29412,685,0.0233,0.66,0.0224,15,452.1,1785.02,122.6,1332.92
2025-10,Brand Search,Mobile,25112,906,0.0361,1.89,0.027,24,1712.34,1924.99,84.59,212.65
2025-10,Non-Brand Search,Mobile,33394,645,0.0193,1.67,0.021,13,1077.15,1082.53,74.27,5.38
2025-10,Prospecting,Mobile,50803,877,0.0173,1.36,0.0256,22,1192.72,1990.37,89.55,797.65
2025-10,Retargeting,Mobile,49172,786,0.016,1.38,0.0226,17,1084.68,1247.97,79.58,163.29
2025-10,Creator/UGC,Desktop,52260,1294,0.0248,1.45,0.0229,29,1876.3,1902.03,67.33,25.73
2025-10,Affiliates,Desktop,31013,895,0.0289,0.6,0.0218,19,537.0,2066.58,96.38,1529.58
2025-10,Brand Search,Desktop,34875,1283,0.0368,1.65,0.0303,38,2116.95,3366.74,90.35,1249.79
2025-10,Non-Brand Search,Desktop,40301,655,0.0163,1.36,0.0076,4,890.8,333.03,90.39,-557.77
2025-10,Prospecting,Desktop,56677,761,0.0134,0.89,0.0108,8,677.29,641.14,84.38,-36.15
2025-10,Retargeting,Mobile,36886,637,0.0173,0.99,0.0257,16,630.63,1096.66,70.79,466.03
2025-10,Creator/UGC,Mobile,51977,1630,0.0314,1.39,0.0116,18,2265.7,1454.84,81.28,-810.86
2025-10,Affiliates,Mobile,38151,925,0.0243,0.52,0.0182,16,481.0,1127.62,74.31,646.62
2025-10,Brand Search,Desktop,31711,1087,0.0343,1.23,0.0187,20,1337.01,1665.33,80.63,328.32
2025-10,Non-Brand Search,Desktop,42114,536,0.0127,0.99,0.0272,14,530.64,858.56,63.83,327.92
2025-10,Prospecting,Mobile,46634,449,0.0096,1.2,0.0233,10,538.8,718.89,72.51,180.09
2025-10,Retargeting,Mobile,18398,73,0.004,1.23,0.0311,2,89.79,123.93,61.74,34.14
2025-10,Creator/UGC,Desktop,40300,781,0.0194,0.92,0.015,11,718.52,840.5,80.04,121.98
2025-10,Affiliates,Mobile,32213,806,0.025,0.49,0.0132,10,394.94,1096.69,100.0,701.75
2025-10,Brand Search,Mobile,28153,981,0.0349,0.92,0.0201,19,902.52,949.3,53.15,46.78
2025-10,Non-Brand Search,Mobile,25313,400,0.0158,1.08,0.0098,3,432.0,264.88,85.24,-167.12
2025-10,Prospecting,Desktop,57469,770,0.0134,1.67,0.0163,12,1285.9,1207.75,103.86,-78.15
2025-10,Retargeting,Mobile,18789,246,0.0131,1.32,0.0272,6,324.72,387.28,61.3,62.56
2025-10,Creator/UGC,Mobile,54917,877,0.016,1.21,0.0151,13,1061.17,702.74,52.86,-358.43
2025-10,Affiliates,Desktop,32358,907,0.028,0.53,0.01,9,480.71,950.28,101.99,469.57
2025-10,Brand Search,Mobile,31992,1373,0.0429,1.41,0.025,34,1935.93,2354.63,75.36,418.7
2025-10,Non-Brand Search,Desktop,40503,1096,0.0271,1.31,0.0173,18,1435.76,1600.44,89.27,164.68
2025-10,Prospecting,Desktop,54046,1456,0.027,1.24,0.0143,20,1805.44,1612.45,74.5,-192.99
2025-10,Retargeting,Mobile,19271,417,0.0217,1.47,0.0256,10,612.99,800.13,86.51,187.14
2025-10,Creator/UGC,Desktop,64693,1582,0.0245,1.05,0.0258,40,1661.1,3571.6,87.21,1910.5
2025-10,Affiliates,Desktop,30394,414,0.0136,0.58,0.0131,5,240.12,470.5,94.88,230.38
2025-10,Brand Search,Mobile,17480,624,0.0357,1.89,0.0257,16,1179.36,883.31,56.86,-296.05
2025-10,Non-Brand Search,Desktop,26584,762,0.0287,1.65,0.0256,19,1257.3,2275.48,119.01,1018.18
2025-10,Prospecting,Mobile,55011,935,0.017,1.29,0.0087,8,1206.15,755.77,91.26,-450.38
2025-10,Retargeting,Mobile,19663,467,0.0238,1.24,0.0262,12,579.08,1089.34,91.99,510.26
2025-10,Creator/UGC,Mobile,60046,934,0.0156,1.36,0.0069,6,1270.24,501.48,87.44,-768.76
2025-10,Affiliates,Mobile,28422,787,0.0277,0.66,0.013,10,519.42,874.43,93.11,355.01
2025-10,Brand Search,Desktop,47199,1496,0.0317,1.17,0.0289,43,1750.32,2956.59,72.4,1206.27
2025-10,Non-Brand Search,Desktop,36097,521,0.0144,1.24,0.0056,2,646.04,103.07,54.86,-542.97
2025-10,Prospecting,Mobile,54985,1114,0.0203,1.3,0.0146,16,1448.2,1609.18,101.81,160.98
2025-10,Retargeting,Mobile,37757,407,0.0108,1.36,0.0275,11,553.52,572.8,51.4,19.28
2025-10,Creator/UGC,Desktop,55284,1278,0.0231,1.27,0.0122,15,1623.06,1167.6,79.26,-455.46
2025-10,Affiliates,Desktop,26357,553,0.021,0.55,0.018,9,304.15,820.99,98.31,516.84
2025-11,Brand Search,Mobile,39025,1825,0.0468,1.38,0.0291,53,2518.5,4314.4,75.83,1795.9
2025-11,Non-Brand Search,Mobile,40544,1091,0.0269,1.27,0.0139,15,1385.57,1433.03,94.45,47.46
2025-11,Prospecting,Desktop,55517,1197,0.0216,1.47,0.0186,22,1759.59,1763.73,86.94,4.14
2025-11,Retargeting,Desktop,42301,1007,0.0238,1.14,0.0314,31,1147.98,3682.66,109.91,2534.68
2025-11,Creator/UGC,Mobile,60062,963,0.016,1.19,0.0255,24,1145.97,2264.1,89.37,1118.13
2025-11,Affiliates,Mobile,14644,263,0.018,0.68,0.0072,1,178.84,95.61,98.42,-83.23
2025-11,Brand Search,Mobile,33909,1384,0.0408,1.44,0.0278,38,1992.96,2828.1,76.65,835.14
2025-11,Non-Brand Search,Mobile,40133,917,0.0229,1.58,0.0178,16,1448.86,1010.47,62.79,-438.39
2025-11,Prospecting,Mobile,48028,1209,0.0252,0.8,0.0175,21,967.2,1646.96,73.33,679.76
2025-11,Retargeting,Desktop,30988,563,0.0182,1.37,0.0293,16,771.31,1113.64,69.03,342.33
2025-11,Creator/UGC,Mobile,43707,911,0.0209,1.13,0.0091,8,1029.43,649.81,77.49,-379.62
2025-11,Affiliates,Desktop,20298,593,0.0292,0.75,0.0165,9,444.75,925.35,106.43,480.6
2025-11,Brand Search,Desktop,29178,895,0.0307,1.41,0.0278,24,1261.95,2000.69,80.92,738.74
2025-11,Non-Brand Search,Mobile,25836,322,0.0125,1.56,0.0082,2,502.32,250.52,121.42,-251.8
2025-11,Prospecting,Mobile,54241,932,0.0172,1.31,0.0154,14,1220.92,1311.24,100.9,90.32
2025-11,Retargeting,Mobile,33358,410,0.0123,1.04,0.0278,11,426.4,987.13,93.31,560.73
2025-11,Creator/UGC,Desktop,48255,1341,0.0278,1.22,0.0088,11,1636.02,749.97,74.61,-886.05
2025-11,Affiliates,Mobile,43396,811,0.0187,0.35,0.007,5,283.85,376.12,83.14,92.27
2025-11,Brand Search,Mobile,14363,718,0.0501,1.03,0.0329,23,739.54,2414.85,97.9,1675.31
2025-11,Non-Brand Search,Mobile,32569,874,0.0268,1.33,0.019,16,1162.42,1329.83,86.43,167.41
2025-11,Prospecting,Mobile,49002,679,0.0139,1.2,0.0133,9,814.8,710.41,77.03,-104.39
2025-11,Retargeting,Mobile,15059,215,0.0143,1.37,0.0186,3,294.55,231.5,79.13,-63.05
2025-11,Creator/UGC,Mobile,62095,1246,0.0201,1.39,0.0194,24,1731.94,2212.1,90.99,480.16
2025-11,Affiliates,Mobile,23574,555,0.0236,0.8,0.0113,6,444.0,469.96,80.41,25.96
2025-11,Brand Search,Mobile,43534,1499,0.0344,1.18,0.0249,37,1768.82,3430.76,84.71,1661.94
2025-11,Non-Brand Search,Mobile,33320,784,0.0235,1.59,0.0191,14,1246.56,788.39,56.43,-458.17
2025-11,Prospecting,Mobile,52279,1320,0.0253,1.51,0.0214,28,1993.2,2276.53,87.79,283.33
2025-11,Retargeting,Mobile,27627,958,0.0347,1.79,0.027,25,1714.82,1944.23,85.31,229.41
2025-11,Creator/UGC,Mobile,47411,1401,0.0296,1.08,0.0237,33,1513.08,2792.61,83.85,1279.53
2025-11,Affiliates,Mobile,31323,598,0.0191,0.82,0.0258,15,490.36,1022.31,73.88,531.95
2025-11,Brand Search,Mobile,22789,1012,0.0445,1.56,0.0274,27,1578.72,1969.57,65.31,390.85
2025-11,Non-Brand Search,Mobile,30786,607,0.0197,1.39,0.0148,9,843.73,677.28,74.11,-166.45
2025-11,Prospecting,Desktop,49476,962,0.0194,1.26,0.0196,18,1212.12,1162.47,67.91,-49.65
2025-11,Retargeting,Mobile,40442,1038,0.0257,1.04,0.0314,32,1079.52,2993.28,93.99,1913.76
2025-11,Creator/UGC,Mobile,52392,1044,0.0199,1.33,0.0162,16,1388.52,1463.91,82.43,75.39
2025-11,Affiliates,Mobile,51407,1207,0.0235,0.78,0.0196,23,941.46,2115.37,87.57,1173.91
2025-11,Brand Search,Desktop,31373,1360,0.0434,1.49,0.0345,46,2026.4,3848.13,88.03,1821.73
2025-11,Non-Brand Search,Mobile,26444,616,0.0233,1.52,0.0245,15,936.32,1355.69,85.6,419.37
2025-11,Prospecting,Mobile,52217,1350,0.0259,1.46,0.0092,12,1971.0,1238.71,93.49,-732.29
2025-11,Retargeting,Mobile,37007,803,0.0217,1.55,0.0356,28,1244.65,2731.03,95.75,1486.38
2025-11,Creator/UGC,Mobile,50186,1483,0.0296,1.84,0.0167,24,2728.72,1516.56,68.15,-1212.16
2025-11,Affiliates,Mobile,16074,263,0.0164,0.43,0.0145,3,113.09,219.13,75.75,106.04
2025-11,Brand Search,Desktop,34427,1429,0.0415,1.39,0.0291,41,1986.31,3200.22,82.26,1213.91
2025-11,Non-Brand Search,Mobile,31542,613,0.0194,1.78,0.02,12,1091.14,826.17,69.09,-264.97
2025-11,Prospecting,Desktop,38886,739,0.019,1.26,0.0228,16,931.14,1647.67,107.16,716.53
2025-11,Retargeting,Mobile,24767,420,0.017,1.77,0.0286,12,743.4,742.97,72.84,-0.43
2025-11,Creator/UGC,Desktop,38222,780,0.0204,1.18,0.0269,20,920.4,943.83,52.31,23.43
2025-11,Affiliates,Desktop,35040,881,0.0251,0.53,0.0198,17,466.93,1302.58,78.48,835.65
2025-11,Brand Search,Mobile,33868,1034,0.0305,1.38,0.0184,19,1426.92,1630.34,80.84,203.42
2025-11,Non-Brand Search,Mobile,32403,411,0.0127,1.68,0.0196,8,690.48,744.6,107.61,54.12
2025-11,Prospecting,Desktop,57131,981,0.0172,1.51,0.0227,22,1481.31,1956.1,89.99,474.79
2025-11,Retargeting,Desktop,41692,1052,0.0253,1.36,0.0303,31,1430.72,2274.64,75.5,843.92
2025-11,Creator/UGC,Mobile,52610,1610,0.0306,1.15,0.0145,23,1851.5,1731.32,76.91,-120.18
2025-11,Affiliates,Desktop,26056,446,0.0171,0.56,0.0186,8,249.76,954.14,105.76,704.38
2025-11,Brand Search,Desktop,32607,860,0.0264,1.47,0.0223,19,1264.2,2031.05,112.57,766.85
2025-11,Non-Brand Search,Mobile,27397,641,0.0234,1.37,0.0173,11,878.17,1069.03,99.75,190.86
2025-11,Prospecting,Mobile,45438,1177,0.0259,1.15,0.0166,19,1353.55,1355.37,77.19,1.82
2025-11,Retargeting,Mobile,34843,538,0.0155,1.27,0.0207,11,683.26,1047.06,94.49,363.8
2025-11,Creator/UGC,Desktop,62166,1033,0.0166,2.1,0.0139,14,2169.3,1030.29,70.25,-1139.01
2025-11,Affiliates,Mobile,34285,1026,0.03,0.91,0.0208,21,933.66,2184.02,105.41,1250.36
2025-11,Brand Search,Mobile,30421,1067,0.0351,1.06,0.0271,28,1131.02,2059.42,81.01,928.4
2025-11,Non-Brand Search,Mobile,44339,719,0.0162,1.91,0.0161,11,1373.29,1132.12,97.7,-241.17
2025-11,Prospecting,Mobile,55661,725,0.013,1.22,0.0139,10,884.5,894.77,90.96,10.27
2025-11,Retargeting,Mobile,26434,739,0.028,1.2,0.0305,22,886.8,1436.22,70.95,549.42
2025-11,Creator/UGC,Desktop,62364,1047,0.0168,1.95,0.0172,18,2041.65,1698.32,96.06,-343.33
2025-11,Affiliates,Mobile,32504,245,0.0076,0.41,0.0177,4,100.45,406.48,98.97,306.03
2025-11,Brand Search,Desktop,19930,703,0.0353,0.8,0.0205,14,562.4,1135.99,79.82,573.59
2025-11,Non-Brand Search,Mobile,26808,438,0.0164,1.69,0.015,6,740.22,395.98,65.15,-344.24
2025-11,Prospecting,Mobile,42848,1091,0.0255,1.11,0.0083,9,1211.01,435.6,52.15,-775.41
2025-11,Retargeting,Mobile,42932,443,0.0103,1.45,0.0256,11,642.35,977.41,83.9,335.06
2025-11,Creator/UGC,Desktop,51493,783,0.0152,1.36,0.0195,15,1064.88,1346.29,93.58,281.41
2025-11,Affiliates,Mobile,23786,686,0.0289,0.54,0.0286,19,370.44,1397.88,76.85,1027.44
2025-11,Brand Search,Mobile,31382,1102,0.0351,1.25,0.027,29,1377.5,2837.04,94.21,1459.54
2025-11,Non-Brand Search,Desktop,18355,477,0.026,1.68,0.0202,9,801.36,899.52,89.39,98.16
2025-11,Prospecting,Mobile,37480,1135,0.0303,1.25,0.0184,20,1418.75,1772.09,94.36,353.34
2025-11,Retargeting,Mobile,35795,1044,0.0292,1.4,0.0251,26,1461.6,2554.73,89.84,1093.13
2025-11,Creator/UGC,Desktop,43597,958,0.022,1.45,0.0196,18,1389.1,1485.58,77.74,96.48
2025-11,Affiliates,Desktop,36724,585,0.016,0.87,0.0167,9,508.95,960.11,104.79,451.16
2025-11,Brand Search,Mobile,15545,612,0.0394,1.14,0.0208,12,697.68,681.21,50.12,-16.47
2025-11,Non-Brand Search,Desktop,24060,514,0.0214,0.98,0.0209,10,503.72,671.25,78.97,167.53
2025-11,Prospecting,Mobile,58891,792,0.0135,0.89,0.0208,16,704.88,1010.55,64.09,305.67
2025-11,Retargeting,Desktop,52458,692,0.0132,1.55,0.0247,17,1072.6,1195.94,70.17,123.34
2025-11,Creator/UGC,Mobile,57134,1046,0.0183,1.2,0.0101,10,1255.2,871.85,88.02,-383.35
2025-11,Affiliates,Desktop,27867,600,0.0215,1.14,0.0131,7,684.0,419.24,65.17,-264.76
2025-11,Brand Search,Mobile,33694,945,0.0281,1.08,0.0249,23,1020.6,1658.4,72.98,637.8
2025-11,Non-Brand Search,Desktop,29912,640,0.0214,1.81,0.0176,11,1158.4,663.85,59.28,-494.55
2025-11,Prospecting,Desktop,48292,1050,0.0218,1.48,0.0228,23,1554.0,1690.73,71.03,136.73
2025-11,Retargeting,Mobile,18583,424,0.0228,1.14,0.0297,12,483.36,922.39,78.4,439.03
2025-11,Creator/UGC,Desktop,60568,1607,0.0265,1.66,0.0309,49,2667.62,4729.43,88.76,2061.81
2025-11,Affiliates,Mobile,43501,538,0.0124,1.04,0.0096,5,559.52,403.21,81.0,-156.31
2025-11,Brand Search,Mobile,37105,1519,0.0409,1.2,0.0249,37,1822.8,3272.26,87.28,1449.46
2025-11,Non-Brand Search,Desktop,35685,518,0.0145,1.34,0.0191,9,694.12,755.98,84.37,61.86
2025-11,Prospecting,Mobile,60416,1188,0.0197,1.56,0.0227,26,1853.28,2922.55,103.98,1069.27
2025-11,Retargeting,Desktop,28530,776,0.0272,1.62,0.0207,16,1257.12,1234.76,90.68,-22.36
2025-11,Creator/UGC,Mobile,51639,1174,0.0227,1.57,0.015,17,1843.18,986.3,57.24,-856.88
2025-11,Affiliates,Desktop,26949,786,0.0292,0.35,0.0177,13,275.1,1250.34,101.11,975.24
2025-11,Brand Search,Mobile,29356,1330,0.0453,1.3,0.0264,35,1729.0,2978.67,90.55,1249.67
2025-11,Non-Brand Search,Mobile,52390,1087,0.0208,1.42,0.0138,14,1543.54,1275.0,88.19,-268.54
2025-11,Prospecting,Mobile,51920,755,0.0146,1.55,0.0133,10,1170.25,822.21,84.92,-348.04
2025-11,Retargeting,Desktop,24155,502,0.0208,1.44,0.0364,18,722.88,1785.96,100.73,1063.08
2025-11,Creator/UGC,Desktop,59110,1500,0.0254,1.37,0.0202,30,2055.0,1597.52,56.13,-457.48
2025-11,Affiliates,Desktop,31962,613,0.0192,0.5,0.0173,10,306.5,852.9,87.04,546.4
2025-11,Brand Search,Desktop,24508,910,0.0371,1.15,0.0232,21,1046.5,1672.21,84.9,625.71
2025-11,Non-Brand Search,Mobile,34673,821,0.0237,1.61,0.0313,25,1321.81,1931.92,78.67,610.11
2025-11,Prospecting,Mobile,46185,880,0.0191,1.34,0.0162,14,1179.2,1336.35,93.27,157.15
2025-11,Retargeting,Desktop,29646,593,0.02,0.84,0.028,16,498.12,1318.97,82.07,820.85
2025-11,Creator/UGC,Mobile,55945,1373,0.0246,1.53,0.027,37,2100.69,2049.74,57.03,-50.95
2025-11,Affiliates,Desktop,33580,492,0.0147,0.41,0.0164,8,201.72,447.83,63.1,246.11
2025-11,Brand Search,Mobile,37150,1485,0.04,1.17,0.0255,37,1737.45,2664.91,70.81,927.46
2025-11,Non-Brand Search,Mobile,35670,688,0.0193,1.3,0.0254,17,894.4,1116.19,61.31,221.79
2025-11,Prospecting,Mobile,62933,1461,0.0232,1.36,0.009,13,1986.96,1289.24,90.8,-697.72
2025-11,Retargeting,Desktop,30713,500,0.0163,0.44,0.0219,10,220.0,815.36,81.13,595.36
2025-11,Creator/UGC,Mobile,65785,650,0.0099,1.36,0.025,16,884.0,1629.32,111.63,745.32
2025-11,Affiliates,Mobile,41226,519,0.0126,0.63,0.0187,9,326.97,672.4,76.5,345.43
2025-11,Brand Search,Desktop,31633,1309,0.0414,1.24,0.0272,35,1623.16,2160.87,65.93,537.71
2025-11,Non-Brand Search,Desktop,25446,613,0.0241,1.02,0.0226,13,625.26,1105.58,81.69,480.32
2025-11,Prospecting,Desktop,52486,1096,0.0209,1.2,0.017,18,1315.2,1734.41,99.95,419.21
2025-11,Retargeting,Desktop,31947,836,0.0262,1.21,0.026,21,1011.56,1882.09,92.53,870.53
2025-11,Creator/UGC,Mobile,64572,1231,0.0191,1.5,0.025,30,1846.5,2388.71,82.74,542.21
2025-11,Affiliates,Mobile,47273,1072,0.0227,0.9,0.0214,22,964.8,1690.28,80.69,725.48
2025-11,Brand Search,Desktop,40643,1505,0.037,1.75,0.028,42,2633.75,3764.06,95.63,1130.31
2025-11,Non-Brand Search,Mobile,40801,785,0.0192,1.5,0.0157,12,1177.5,1170.49,95.72,-7.01
2025-11,Prospecting,Mobile,60947,540,0.0089,1.39,0.0165,8,750.6,531.85,71.98,-218.75
2025-11,Retargeting,Desktop,43319,995,0.023,1.32,0.0149,14,1313.4,1222.71,93.3,-90.69
2025-11,Creator/UGC,Desktop,51765,1150,0.0222,1.29,0.0096,11,1483.5,855.07,78.22,-628.43
2025-11,Affiliates,Desktop,32285,899,0.0279,0.79,0.0185,16,710.21,1076.75,67.08,366.54
2025-11,Brand Search,Mobile,24713,843,0.0341,1.48,0.0214,18,1247.64,1117.16,60.13,-130.48
2025-11,Non-Brand Search,Mobile,34808,980,0.0282,1.15,0.0129,12,1127.0,967.74,83.94,-159.26
2025-11,Prospecting,Mobile,54091,647,0.012,1.16,0.0117,7,750.52,428.19,57.23,-322.33
2025-11,Retargeting,Desktop,47778,1054,0.0221,1.16,0.0224,23,1222.64,1868.93,92.59,646.29
2025-11,Creator/UGC,Desktop,49938,1530,0.0306,1.08,0.0206,31,1652.4,2807.89,85.37,1155.49
2025-11,Affiliates,Mobile,42874,749,0.0175,0.5,0.0107,7,374.5,461.78,67.31,87.28
2025-11,Brand Search,Mobile,25986,930,0.0358,1.27,0.0206,19,1181.1,861.02,51.74,-320.08
2025-11,Non-Brand Search,Desktop,37304,694,0.0186,0.8,0.0262,18,555.2,1488.01,81.62,932.81
2025-11,Prospecting,Desktop,53771,1733,0.0322,1.22,0.0237,41,2114.26,4116.66,94.71,2002.4
2025-11,Retargeting,Desktop,26696,708,0.0266,1.34,0.0239,16,948.72,1183.16,73.06,234.44
2025-11,Creator/UGC,Mobile,57108,1448,0.0254,1.77,0.0207,30,2562.96,2988.86,98.8,425.9
2025-11,Affiliates,Mobile,43013,990,0.023,0.35,0.0232,22,346.5,1224.27,57.64,877.77
2025-11,Brand Search,Mobile,23863,723,0.0303,1.24,0.0194,14,896.52,744.57,52.29,-151.95
2025-11,Non-Brand Search,Mobile,32319,302,0.0094,1.27,0.0227,6,383.54,465.59,74.33,82.05
2025-11,Prospecting,Mobile,55965,997,0.0178,1.23,0.022,21,1226.31,2092.46,105.84,866.15
2025-11,Retargeting,Desktop,33200,467,0.0141,1.11,0.0289,13,518.37,959.25,77.54,440.88
2025-11,Creator/UGC,Desktop,63903,1452,0.0227,1.69,0.0183,26,2453.88,2044.86,74.95,-409.02
2025-11,Affiliates,Mobile,30320,814,0.0269,0.56,0.0125,10,455.84,771.72,81.36,315.88
2025-11,Brand Search,Mobile,48566,1910,0.0393,1.03,0.0142,27,1967.3,2553.76,89.07,586.46
2025-11,Non-Brand Search,Mobile,30289,607,0.02,1.42,0.0235,14,861.94,1047.12,72.14,185.18
2025-11,Prospecting,Mobile,53348,934,0.0175,1.43,0.0184,17,1335.62,1580.26,96.82,244.64
2025-11,Retargeting,Mobile,47638,1303,0.0274,0.7,0.0252,32,912.1,3079.68,87.08,2167.58
2025-11,Creator/UGC,Mobile,53291,1030,0.0193,1.2,0.0184,18,1236.0,836.84,47.09,-399.16
2025-11,Affiliates,Mobile,38753,846,0.0218,1.06,0.0165,13,896.76,1248.33,91.3,351.57
2025-11,Brand Search,Desktop,38797,1121,0.0289,1.79,0.0314,35,2006.59,3432.3,84.26,1425.71
2025-11,Non-Brand Search,Mobile,31548,805,0.0255,1.73,0.0121,9,1392.65,602.46,73.02,-790.19
2025-11,Prospecting,Mobile,45143,600,0.0133,0.78,0.0186,11,468.0,674.39,60.92,206.39
2025-11,Retargeting,Mobile,24522,233,0.0095,1.75,0.0274,6,407.75,476.06,84.67,68.31
2025-11,Creator/UGC,Desktop,66452,1704,0.0257,1.64,0.0263,44,2794.56,4386.58,92.61,1592.02
2025-11,Affiliates,Desktop,26763,720,0.0269,0.78,0.0241,17,561.6,1300.54,78.82,738.94
2025-11,Brand Search,Desktop,40263,1649,0.041,1.55,0.0268,44,2555.95,3299.87,70.4,743.92
2025-11,Non-Brand Search,Mobile,29611,414,0.014,1.48,0.0206,8,612.72,610.84,73.03,-1.88
2025-11,Prospecting,Desktop,55207,1108,0.0201,0.95,0.0101,11,1052.6,1092.19,91.15,39.59
2025-11,Retargeting,Mobile,42177,652,0.0155,1.29,0.0286,18,841.08,1010.07,56.66,168.99
2025-11,Creator/UGC,Mobile,51718,870,0.0168,1.22,0.011,9,1061.4,829.09,92.4,-232.31
2025-11,Affiliates,Desktop,29886,788,0.0264,1.04,0.0095,7,819.52,639.97,97.8,-179.55
2025-11,Brand Search,Mobile,20191,714,0.0354,1.32,0.0205,14,942.48,1207.61,85.97,265.13
2025-11,Non-Brand Search,Mobile,18209,287,0.0158,1.0,0.0222,6,287.0,431.36,69.82,144.36
2025-11,Prospecting,Mobile,61759,1481,0.024,0.99,0.0145,21,1466.19,1788.83,86.39,322.64
2025-11,Retargeting,Desktop,39544,776,0.0196,1.09,0.029,22,845.84,2185.91,96.02,1340.07
2025-11,Creator/UGC,Desktop,55762,1055,0.0189,0.95,0.0153,16,1002.25,1193.36,74.49,191.11
2025-11,Affiliates,Mobile,34586,695,0.0201,0.52,0.0094,6,361.4,439.24,72.43,77.84
2025-11,Brand Search,Mobile,29003,1399,0.0482,1.34,0.0287,40,1874.66,3128.04,84.17,1253.38
2025-11,Non-Brand Search,Mobile,23564,438,0.0186,1.76,0.015,6,770.88,575.55,94.84,-195.33
2025-11,Prospecting,Desktop,53784,1048,0.0195,1.57,0.015,15,1645.36,1993.52,123.48,348.16
2025-11,Retargeting,Mobile,41498,378,0.0091,1.42,0.0266,10,536.76,822.48,78.6,285.72
2025-11,Creator/UGC,Mobile,51081,824,0.0161,1.31,0.0187,15,1079.44,1135.43,74.77,55.99
2025-11,Affiliates,Mobile,38871,1039,0.0267,0.62,0.0189,19,644.18,1897.86,89.55,1253.68
2025-11,Brand Search,Mobile,25149,1068,0.0425,1.46,0.0252,26,1559.28,2774.77,111.01,1215.49
2025-11,Non-Brand Search,Mobile,32768,808,0.0247,1.32,0.0205,16,1066.56,1083.42,69.28,16.86
2025-11,Prospecting,Mobile,55962,1494,0.0267,1.65,0.0166,24,2465.1,2285.62,97.5,-179.48
2025-11,Retargeting,Desktop,29275,377,0.0129,1.42,0.0273,10,535.34,1239.11,110.81,703.77
2025-11,Creator/UGC,Mobile,52242,800,0.0153,1.12,0.0126,10,896.0,751.0,79.93,-145.0
2025-11,Affiliates,Mobile,23998,532,0.0222,0.72,0.022,11,383.04,908.27,85.71,525.23
2025-12,Brand Search,Mobile,39286,1079,0.0275,1.58,0.0272,29,1704.82,1596.82,55.04,-108.0
2025-12,Non-Brand Search,Desktop,38205,1019,0.0267,1.42,0.0203,20,1446.98,1826.17,86.59,379.19
2025-12,Prospecting,Mobile,53123,930,0.0175,1.15,0.0117,10,1069.5,865.09,81.66,-204.41
2025-12,Retargeting,Desktop,33852,1104,0.0326,1.36,0.0261,28,1501.44,1997.56,67.96,496.12
2025-12,Creator/UGC,Mobile,56822,724,0.0127,1.4,0.0169,12,1013.6,964.26,81.74,-49.34
2025-12,Affiliates,Mobile,29940,616,0.0206,0.65,0.0251,15,400.4,887.74,57.91,487.34
2025-12,Brand Search,Mobile,26345,943,0.0358,1.22,0.0207,19,1150.46,1428.93,74.52,278.47
2025-12,Non-Brand Search,Desktop,28145,668,0.0238,1.4,0.0106,7,935.2,454.06,63.63,-481.14
2025-12,Prospecting,Mobile,55754,1380,0.0248,1.48,0.0237,32,2042.4,2887.55,84.4,845.15
2025-12,Retargeting,Mobile,46754,1163,0.0249,1.26,0.0308,35,1465.38,3664.9,104.28,2199.52
2025-12,Creator/UGC,Mobile,58615,892,0.0152,1.47,0.0171,15,1311.24,1484.97,90.7,173.73
2025-12,Affiliates,Mobile,28111,316,0.0113,0.41,0.0151,4,129.56,261.76,59.34,132.2
2025-12,Brand Search,Mobile,38925,1530,0.0393,2.01,0.0156,23,3075.3,1906.57,83.67,-1168.73
2025-12,Non-Brand Search,Mobile,36191,733,0.0203,1.45,0.0251,18,1062.85,1591.94,86.52,529.09
2025-12,Prospecting,Mobile,52024,988,0.019,1.15,0.0172,16,1136.2,1730.68,103.53,594.48
2025-12,Retargeting,Desktop,32166,585,0.0182,1.69,0.023,13,988.65,981.96,71.24,-6.69
2025-12,Creator/UGC,Desktop,39913,343,0.0086,2.09,0.0113,3,716.87,224.7,83.56,-492.17
2025-12,Affiliates,Desktop,23489,362,0.0154,0.35,0.0189,6,126.7,555.53,89.16,428.83
2025-12,Brand Search,Mobile,36170,1092,0.0302,1.89,0.0219,23,2063.88,1670.37,69.74,-393.51
2025-12,Non-Brand Search,Desktop,23815,507,0.0213,1.44,0.019,9,730.08,373.05,41.03,-357.03
2025-12,Prospecting,Mobile,70596,2605,0.0369,1.6,0.0237,61,4168.0,5104.62,81.74,936.62
2025-12,Retargeting,Desktop,20824,369,0.0177,1.44,0.025,9,531.36,761.63,88.97,230.27
2025-12,Creator/UGC,Desktop,57459,1384,0.0241,1.29,0.0203,28,1785.36,2508.54,84.11,723.18
2025-12,Affiliates,Desktop,45042,1149,0.0255,0.8,0.0142,16,919.2,1179.63,69.9,260.43
2025-12,Brand Search,Desktop,28755,1347,0.0468,1.45,0.0301,40,1953.15,2330.19,52.09,377.04
2025-12,Non-Brand Search,Mobile,31344,761,0.0243,1.59,0.0163,12,1209.99,971.85,87.34,-238.14
2025-12,Prospecting,Desktop,49789,1035,0.0208,1.12,0.0174,18,1159.2,1289.48,70.88,130.28
2025-12,Retargeting,Mobile,20155,747,0.0371,1.32,0.0221,16,986.04,998.64,60.61,12.6
2025-12,Creator/UGC,Mobile,61778,1034,0.0168,1.32,0.013,13,1364.88,1146.76,97.32,-218.12
2025-12,Affiliates,Mobile,43839,868,0.0198,0.38,0.0188,16,329.84,1608.31,94.61,1278.47
2025-12,Brand Search,Desktop,35781,1373,0.0384,1.34,0.0265,36,1839.82,2723.31,74.69,883.49
2025-12,Non-Brand Search,Mobile,27854,458,0.0165,1.16,0.0131,5,531.28,390.38,74.61,-140.9
2025-12,Prospecting,Desktop,67726,1623,0.024,1.56,0.0143,23,2531.88,2064.54,92.29,-467.34
2025-12,Retargeting,Mobile,21846,481,0.022,1.5,0.0254,12,721.5,977.85,87.17,256.35
2025-12,Creator/UGC,Mobile,61162,1031,0.0169,1.34,0.0107,10,1381.54,758.05,70.9,-623.49
2025-12,Affiliates,Mobile,21790,525,0.0241,0.65,0.0227,11,341.25,824.15,70.81,482.9
2025-12,Brand Search,Desktop,27752,1193,0.043,1.61,0.0187,22,1920.73,1881.44,95.11,-39.29
2025-12,Non-Brand Search,Mobile,40717,924,0.0227,1.1,0.0234,21,1016.4,1883.2,76.27,866.8
2025-12,Prospecting,Mobile,48592,1246,0.0257,1.4,0.0219,27,1744.4,2720.75,97.57,976.35
2025-12,Retargeting,Mobile,43510,1273,0.0293,1.22,0.0227,28,1553.06,1180.19,43.98,-372.87
2025-12,Creator/UGC,Desktop,40107,987,0.0246,1.65,0.0257,25,1628.55,1547.91,57.16,-80.64
2025-12,Affiliates,Desktop,30184,528,0.0175,0.6,0.0177,9,316.8,597.9,65.76,281.1
2025-12,Brand Search,Mobile,24511,978,0.0399,1.47,0.0258,25,1437.66,1784.94,67.55,347.28
2025-12,Non-Brand Search,Desktop,46810,433,0.0093,1.47,0.0215,9,636.51,1151.61,116.56,515.1
2025-12,Prospecting,Mobile,45291,1431,0.0316,1.31,0.0167,23,1874.61,2430.68,97.69,556.07
2025-12,Retargeting,Desktop,43800,973,0.0222,1.41,0.016,15,1371.93,1146.76,72.64,-225.17
2025-12,Creator/UGC,Mobile,49250,1661,0.0337,1.33,0.0266,44,2209.13,2600.31,60.56,391.18
2025-12,Affiliates,Desktop,33474,571,0.0171,0.44,0.0217,12,251.24,898.52,75.11,647.28
2025-12,Brand Search,Mobile,44388,1395,0.0314,1.18,0.0281,39,1646.1,3771.96,95.24,2125.86
2025-12,Non-Brand Search,Desktop,30099,508,0.0169,1.03,0.0168,8,523.24,551.98,70.9,28.74
2025-12,Prospecting,Mobile,49639,1785,0.036,1.06,0.0203,36,1892.1,3688.69,103.3,1796.59
2025-12,Retargeting,Mobile,21729,407,0.0188,1.28,0.0223,9,520.96,723.11,80.13,202.15
2025-12,Creator/UGC,Mobile,47820,1110,0.0232,0.95,0.0178,19,1054.5,1399.73,68.68,345.23
2025-12,Affiliates,Mobile,25624,418,0.0163,0.37,0.0202,8,154.66,748.86,90.74,594.2
2025-12,Brand Search,Desktop,30214,1027,0.034,1.08,0.0224,22,1109.16,2172.57,97.9,1063.41
2025-12,Non-Brand Search,Desktop,30320,891,0.0294,1.53,0.0147,13,1363.23,936.3,72.77,-426.93
2025-12,Prospecting,Mobile,65597,1493,0.0228,1.12,0.0192,28,1672.16,2130.44,79.85,458.28
2025-12,Retargeting,Mobile,44616,1256,0.0282,1.66,0.0162,20,2084.96,1629.44,82.12,-455.52
2025-12,Creator/UGC,Mobile,58536,768,0.0131,1.02,0.0165,12,783.36,667.55,59.88,-115.81
2025-12,Affiliates,Desktop,26938,672,0.0249,0.35,0.0124,8,235.2,574.66,71.64,339.46
2025-12,Brand Search,Mobile,28590,1327,0.0464,1.38,0.0165,21,1831.26,2146.01,94.59,314.75
2025-12,Non-Brand Search,Mobile,25356,593,0.0234,1.69,0.025,14,1002.17,1307.07,92.46,304.9
2025-12,Prospecting,Desktop,55122,1386,0.0252,1.29,0.0212,29,1787.94,1483.1,52.77,-304.84
2025-12,Retargeting,Mobile,48425,193,0.004,0.77,0.0244,4,148.61,289.46,68.65,140.85
2025-12,Creator/UGC,Mobile,60110,1098,0.0183,1.32,0.0089,9,1449.36,971.52,98.16,-477.84
2025-12,Affiliates,Mobile,24786,243,0.0098,0.41,0.0193,4,99.63,262.51,70.47,162.88
2025-12,Brand Search,Mobile,22568,933,0.0414,1.44,0.029,27,1343.52,2893.94,106.35,1550.42
2025-12,Non-Brand Search,Desktop,40725,737,0.0181,0.99,0.0222,16,729.63,1294.11,80.83,564.48
2025-12,Prospecting,Desktop,57419,1459,0.0254,1.63,0.0163,23,2378.17,1945.25,91.43,-432.92
2025-12,Retargeting,Mobile,30245,416,0.0138,1.44,0.0237,9,599.04,815.69,97.6,216.65
2025-12,Creator/UGC,Mobile,39225,972,0.0248,1.19,0.0199,19,1156.68,1344.72,75.36,188.04
2025-12,Affiliates,Desktop,36607,964,0.0264,0.78,0.0266,25,751.92,2205.55,88.58,1453.63
2025-12,Brand Search,Mobile,29853,1079,0.0362,1.45,0.0174,18,1564.55,1378.83,74.16,-185.72
2025-12,Non-Brand Search,Mobile,30505,888,0.0291,1.51,0.0198,17,1340.88,1611.12,90.43,270.24
2025-12,Prospecting,Desktop,53075,1624,0.0306,1.37,0.0139,22,2224.88,1413.51,65.83,-811.37
2025-12,Retargeting,Mobile,36008,1004,0.0279,1.04,0.0293,29,1044.16,2414.32,89.24,1370.16
2025-12,Creator/UGC,Desktop,55843,1625,0.0291,1.75,0.0258,42,2843.75,3396.86,83.12,553.11
2025-12,Affiliates,Mobile,32952,443,0.0135,0.96,0.0239,10,425.28,839.15,87.47,413.87
2025-12,Brand Search,Mobile,31408,889,0.0283,1.54,0.0148,13,1369.06,1229.34,92.04,-139.72
2025-12,Non-Brand Search,Desktop,28930,999,0.0345,1.24,0.0124,12,1238.76,1033.84,87.94,-204.92
2025-12,Prospecting,Mobile,48871,737,0.0151,1.31,0.0101,7,965.47,441.06,63.45,-524.41
2025-12,Retargeting,Mobile,27782,429,0.0154,1.14,0.0247,10,489.06,991.23,97.27,502.17
2025-12,Creator/UGC,Mobile,45027,1182,0.0263,1.39,0.0148,17,1642.98,1175.61,72.11,-467.37
2025-12,Affiliates,Mobile,57459,1152,0.0201,0.79,0.0164,18,910.08,1450.41,81.09,540.33
2025-12,Brand Search,Desktop,41618,1702,0.0409,1.26,0.0246,41,2144.52,4975.38,124.47,2830.86
2025-12,Non-Brand Search,Desktop,22833,472,0.0207,1.04,0.0175,8,490.88,909.7,109.38,418.82
2025-12,Prospecting,Mobile,40853,736,0.018,1.24,0.0161,11,912.64,852.15,86.05,-60.49
2025-12,Retargeting,Mobile,27938,468,0.0168,1.67,0.0244,11,781.56,1069.45,105.84,287.89
2025-12,Creator/UGC,Desktop,49473,779,0.0157,1.33,0.0204,15,1036.07,1082.84,72.34,46.77
2025-12,Affiliates,Mobile,31194,482,0.0155,0.72,0.0129,6,347.04,473.04,84.73,126.0
2025-12,Brand Search,Mobile,26569,1019,0.0384,1.31,0.0223,22,1334.89,2013.41,98.43,678.52
2025-12,Non-Brand Search,Mobile,28346,935,0.033,1.32,0.0141,13,1234.2,1236.84,91.22,2.64
2025-12,Prospecting,Mobile,61138,1163,0.019,1.1,0.0255,29,1279.3,3064.62,101.16,1785.32
2025-12,Retargeting,Desktop,41485,679,0.0164,1.42,0.0276,18,964.18,1548.74,80.38,584.56
2025-12,Creator/UGC,Mobile,48346,881,0.0182,1.19,0.0182,16,1048.39,1383.61,88.17,335.22
2025-12,Affiliates,Mobile,36684,883,0.0241,0.92,0.0162,14,812.36,905.73,62.76,93.37
2025-12,Brand Search,Mobile,36889,1867,0.0506,0.97,0.0249,46,1810.99,3385.06,73.11,1574.07
2025-12,Non-Brand Search,Mobile,34528,509,0.0148,1.06,0.0213,10,539.54,716.42,71.58,176.88
2025-12,Prospecting,Mobile,52502,1459,0.0278,1.19,0.0291,42,1736.21,4069.6,94.34,2333.39
2025-12,Retargeting,Mobile,23291,527,0.0227,1.3,0.0327,17,685.1,1370.31,84.65,685.21
2025-12,Creator/UGC,Desktop,49412,1413,0.0286,1.23,0.0141,19,1737.99,1353.51,66.34,-384.48
2025-12,Affiliates,Mobile,32693,843,0.0258,1.18,0.0145,12,994.74,1064.24,82.82,69.5
2025-12,Brand Search,Mobile,39539,1902,0.0481,1.37,0.0279,53,2605.74,4942.05,87.08,2336.31
2025-12,Non-Brand Search,Desktop,28642,440,0.0154,1.16,0.0196,8,510.4,594.58,74.28,84.18
2025-12,Prospecting,Desktop,55786,783,0.014,1.38,0.0189,14,1080.54,1291.95,90.19,211.41
2025-12,Retargeting,Mobile,21767,708,0.0325,1.07,0.0253,17,757.56,2120.89,136.12,1363.33
2025-12,Creator/UGC,Desktop,47855,850,0.0178,0.93,0.0183,15,790.5,718.29,52.18,-72.21
2025-12,Affiliates,Mobile,40222,526,0.0131,0.93,0.0102,5,489.18,412.96,81.36,-76.22
2025-12,Brand Search,Mobile,36430,1008,0.0277,1.43,0.0355,35,1441.44,3039.26,88.04,1597.82
2025-12,Non-Brand Search,Mobile,30251,625,0.0207,1.3,0.024,14,812.5,1120.63,82.67,308.13
2025-12,Prospecting,Desktop,58661,1243,0.0212,1.44,0.0173,21,1789.92,1987.71,92.52,197.79
2025-12,Retargeting,Desktop,37311,959,0.0257,0.97,0.027,25,930.23,1826.38,74.29,896.15
2025-12,Creator/UGC,Desktop,41467,722,0.0174,1.37,0.0198,14,989.14,1297.68,93.6,308.54
2025-12,Affiliates,Mobile,31820,667,0.021,0.84,0.0126,8,560.28,769.51,95.67,209.23
2025-12,Brand Search,Desktop,28996,1141,0.0394,1.29,0.0284,32,1471.89,2593.03,79.82,1121.14
2025-12,Non-Brand Search,Mobile,24849,598,0.0241,0.91,0.0252,15,544.18,1247.59,84.55,703.41
2025-12,Prospecting,Mobile,60367,1415,0.0234,0.35,0.0218,30,495.25,2938.01,85.54,2442.76
2025-12,Retargeting,Mobile,28161,466,0.0166,1.79,0.0294,13,834.14,1001.76,82.22,167.62
2025-12,Creator/UGC,Desktop,53073,1299,0.0245,1.11,0.0183,23,1441.89,1951.83,89.65,509.94
2025-12,Affiliates,Desktop,42809,1112,0.026,0.57,0.0293,32,633.84,1928.1,58.61,1294.26
2025-12,Brand Search,Mobile,61679,3046,0.0494,0.96,0.0288,87,2924.16,6737.52,75.26,3813.36
2025-12,Non-Brand Search,Desktop,17789,152,0.0086,0.95,0.0194,2,144.4,165.94,79.85,21.54
2025-12,Prospecting,Desktop,51133,506,0.0099,1.69,0.0182,9,855.14,1050.83,105.97,195.69
2025-12,Retargeting,Mobile,51507,972,0.0189,0.95,0.0355,34,923.4,2057.52,57.88,1134.12
2025-12,Creator/UGC,Mobile,55705,1226,0.022,1.37,0.0196,24,1679.62,1516.15,62.18,-163.47
2025-12,Affiliates,Mobile,30382,710,0.0234,0.35,0.0203,14,248.5,1061.61,75.3,813.11
2025-12,Brand Search,Desktop,19553,690,0.0353,1.42,0.0212,14,979.8,1229.59,94.78,249.79
2025-12,Non-Brand Search,Mobile,34209,542,0.0159,1.21,0.0185,10,655.82,704.07,65.03,48.25
2025-12,Prospecting,Mobile,57198,728,0.0127,1.5,0.0158,11,1092.0,941.88,84.51,-150.12
2025-12,Retargeting,Desktop,43034,1455,0.0338,1.53,0.0258,37,2226.15,2656.71,71.78,430.56
2025-12,Creator/UGC,Mobile,58570,1218,0.0208,0.98,0.0135,16,1193.64,1535.09,96.15,341.45
2025-12,Affiliates,Desktop,21774,678,0.0312,0.61,0.0196,13,413.58,1253.85,100.48,840.27
2025-12,Brand Search,Mobile,34448,1387,0.0403,1.78,0.0205,28,2468.86,1683.22,62.92,-785.64
2025-12,Non-Brand Search,Mobile,42811,857,0.02,1.26,0.0118,10,1079.82,840.1,90.85,-239.72
2025-12,Prospecting,Mobile,38133,1112,0.0292,1.29,0.0179,19,1434.48,1797.85,94.58,363.37
2025-12,Retargeting,Mobile,25972,378,0.0146,1.51,0.0288,10,570.78,1135.64,109.22,564.86
2025-12,Creator/UGC,Mobile,54696,463,0.0085,1.21,0.0102,4,560.23,320.57,82.25,-239.66
2025-12,Affiliates,Mobile,30597,530,0.0173,0.91,0.0131,6,482.3,555.17,93.04,72.87
2025-12,Brand Search,Desktop,39042,1330,0.0341,1.42,0.0369,49,1888.6,3049.86,60.76,1161.26
2025-12,Non-Brand Search,Mobile,30962,433,0.014,1.43,0.0121,5,619.19,455.05,89.53,-164.14
2025-12,Prospecting,Desktop,58403,1670,0.0286,1.24,0.0189,31,2070.8,2575.66,84.91,504.86
2025-12,Retargeting,Desktop,49554,791,0.016,1.02,0.0236,18,806.82,1590.52,92.42,783.7
2025-12,Creator/UGC,Mobile,50582,843,0.0167,1.22,0.0149,12,1028.46,1033.66,84.67,5.2
2025-12,Affiliates,Mobile,16638,437,0.0263,0.76,0.0116,5,332.12,439.52,89.25,107.4
2025-12,Brand Search,Mobile,32775,1008,0.0308,1.25,0.0235,23,1260.0,2033.65,89.23,773.65
2025-12,Non-Brand Search,Desktop,33611,483,0.0144,1.46,0.0216,10,705.18,728.59,74.17,23.41
2025-12,Prospecting,Mobile,55267,1589,0.0288,1.78,0.0173,27,2828.42,1659.92,56.88,-1168.5
2025-12,Retargeting,Desktop,22155,702,0.0317,1.55,0.022,15,1088.1,1240.25,88.99,152.15
2025-12,Creator/UGC,Desktop,51844,809,0.0156,0.4,0.0174,14,323.6,1267.06,85.49,943.46
2025-12,Affiliates,Desktop,43647,1023,0.0235,0.82,0.0139,14,838.86,1218.03,88.53,379.17
2025-12,Brand Search,Desktop,28797,1008,0.035,1.24,0.0278,27,1249.92,3109.75,100.38,1859.83
2025-12,Non-Brand Search,Mobile,21037,224,0.0107,1.3,0.0238,5,291.2,410.57,81.18,119.37
2025-12,Prospecting,Mobile,73218,972,0.0133,1.3,0.0249,24,1263.6,2223.68,90.13,960.08
2025-12,Retargeting,Desktop,29875,573,0.0192,1.45,0.0306,17,830.85,1525.02,90.62,694.17
2025-12,Creator/UGC,Mobile,61798,1267,0.0205,1.3,0.0184,23,1647.1,1670.38,77.26,23.28
2025-12,Affiliates,Mobile,28070,713,0.0254,0.48,0.0211,15,342.24,1145.06,81.43,802.82
2025-12,Brand Search,Mobile,26405,997,0.0378,1.35,0.032,31,1345.95,3173.11,101.8,1827.16
2025-12,Non-Brand Search,Desktop,48274,783,0.0162,1.57,0.0169,13,1229.31,1142.93,85.45,-86.38
2025-12,Prospecting,Desktop,40775,473,0.0116,1.44,0.0143,6,681.12,504.19,87.5,-176.93
2025-12,Retargeting,Desktop,36805,938,0.0255,2.01,0.0223,20,1885.38,1787.27,80.63,-98.11
2025-12,Creator/UGC,Mobile,51637,1348,0.0261,1.45,0.0233,31,1954.6,3883.58,113.9,1928.98
2025-12,Affiliates,Mobile,41316,801,0.0194,0.42,0.0207,16,336.42,1625.8,105.14,1289.38
2025-12,Brand Search,Mobile,27804,1089,0.0392,1.47,0.026,28,1600.83,1701.01,63.47,100.18
2025-12,Non-Brand Search,Desktop,30426,585,0.0192,1.28,0.0105,6,748.8,300.78,50.8,-448.02
2025-12,Prospecting,Mobile,55820,1288,0.0231,0.83,0.0259,33,1069.04,3006.42,86.44,1937.38
2025-12,Retargeting,Desktop,22814,626,0.0275,1.06,0.0354,22,663.56,1250.94,58.12,587.38
2025-12,Creator/UGC,Mobile,58544,986,0.0169,0.79,0.0143,14,778.94,925.94,65.5,147.0
2025-12,Affiliates,Mobile,23034,362,0.0157,0.73,0.0229,8,264.26,770.38,91.69,506.12
2025-12,Brand Search,Mobile,41540,1449,0.0349,1.1,0.0301,43,1593.9,3214.48,79.36,1620.58
2025-12,Non-Brand Search,Mobile,29224,664,0.0227,1.32,0.0168,11,876.48,859.86,76.23,-16.62
2025-12,Prospecting,Desktop,60208,1035,0.0172,0.82,0.0185,19,848.7,1578.71,83.39,730.01
2025-12,Retargeting,Mobile,38337,468,0.0122,1.06,0.0242,11,496.08,377.11,37.2,-118.97
2025-12,Creator/UGC,Desktop,52021,1102,0.0212,1.92,0.0193,21,2115.84,1908.56,90.21,-207.28
2025-12,Affiliates,Mobile,44743,842,0.0188,0.61,0.0191,16,513.62,979.38,61.97,465.76
2025-12,Brand Search,Mobile,26226,1004,0.0383,1.3,0.0261,26,1305.2,2190.85,85.09,885.65
2025-12,Non-Brand Search,Desktop,20077,315,0.0157,1.84,0.0202,6,579.6,596.77,89.66,17.17
2025-12,Prospecting,Desktop,46829,1071,0.0229,1.67,0.0255,27,1788.57,2026.83,78.81,238.26
2025-12,Retargeting,Mobile,40840,706,0.0173,1.48,0.0294,20,1044.88,1307.35,63.67,262.47
2025-12,Creator/UGC,Desktop,39023,948,0.0243,1.09,0.0162,15,1033.32,1312.21,81.54,278.89
2025-12,Affiliates,Mobile,27518,656,0.0238,0.74,0.0167,10,485.44,1136.99,101.35,651.55
2025-12,Brand Search,Desktop,41532,1370,0.033,1.62,0.0194,26,2219.4,1617.73,66.3,-601.67
2025-12,Non-Brand Search,Mobile,14671,382,0.0261,1.88,0.0206,7,718.16,402.2,57.13,-315.96
2025-12,Prospecting,Mobile,66377,1137,0.0171,1.31,0.0124,14,1489.47,993.5,71.65,-495.97
2025-12,Retargeting,Desktop,29323,1009,0.0344,1.64,0.0265,26,1654.76,1937.01,76.59,282.25
2025-12,Creator/UGC,Mobile,43644,660,0.0151,1.38,0.0299,19,910.8,1969.68,107.5,1058.88
2025-12,Affiliates,Desktop,32222,900,0.0279,0.99,0.02,17,891.0,1470.42,83.48,579.42
