zone,city,sales,restaurants,sales_share
3,Durham,3437178.21,10,0.04635641092135405
4,Fayetteville,2929919.45,8,0.03951513180070686
4,Wilmington,2751329.42,8,0.03710653023531495
2,Wilmington,2745960.94,8,0.03703412681317668
5,Greenville,2644662.42,7,0.03566793759284964
3,Winston-Salem,2462281.08,7,0.03320820352470332
1,Charlotte,2424281.51,7,0.032695712296686726
2,Raleigh,2397453.41,7,0.032333888046718856
5,Asheville,2381584.41,7,0.032119866590755136
3,Asheville,2289283.27,7,0.030875022909999512
4,Durham,2199536.6,5,0.029664630762964706
2,Charlotte,2185673.73,6,0.029477665508617502
3,Charlotte,2150428.18,7,0.029002317098053385
2,Greenville,2054363.88,6,0.027706720566946477
1,Asheville,2037646.9100000001,5,0.027481262739818005
1,Durham,2006356.29,6,0.027059253536313846
5,Wilmington,1947886.75,6,0.026270688656338494
5,Raleigh,1812747.84,6,0.0244481020865767
4,Raleigh,1749553.42,6,0.023595813865694305
4,Greenville,1736409.8599999999,6,0.023418549775471448
5,Greensboro,1685255.15,5,0.022728638280506308
5,Durham,1655121.58,5,0.02232223393714601
3,Greenville,1621367.9,4,0.02186700602500703
1,Raleigh,1595173.41,5,0.021513727123499242
1,Greenville,1566125.44,5,0.021121964011003788
4,Asheville,1482966.07,4,0.02000041322365578
5,Fayetteville,1463268.38,4,0.01973475512970392
1,Wilmington,1372464.55,4,0.01851010531536893
3,Fayetteville,1371376.46,4,0.018495430502462034
1,Greensboro,1233319.26,3,0.0166334856445457
4,Charlotte,1214142.31,4,0.016374850648015145
1,Fayetteville,1188256.15,3,0.016025730120413546
4,Winston-Salem,1132086.06,3,0.015268177379635105
3,Raleigh,1080197.5,4,0.014568368622998847
3,Wilmington,1027242.73,3,0.01385418014384932
3,Greensboro,1020574.59,4,0.013764248514170708
2,Winston-Salem,1013086.87,3,0.013663263402553803
2,Greensboro,1006641.79,4,0.01357634013042559
4,Greensboro,865172.53,2,0.011668377624955185
5,Charlotte,836142.3,3,0.011276853767650906
2,Asheville,753573.38,3,0.010163266240034056
2,Durham,581790.23,2,0.007846467457941054
5,Winston-Salem,554040.6799999999,2,0.007472215829398739
2,Fayetteville,482848.64,2,0.006512065595998571
