Gap ID,Category,Gap,Current State,Current-State Evidence,Target State,Business Impact,Priority,Owner,Requirement ID,Dependency,Recommended Action,Closure Criteria,Status,Effort,Evidence Type
MKT-GAP-01,Data,Data keys,No order_id identifies business transactions.,amazon_marketplace_aligned.csv; Analysis/data_profile.json; SQL/Q01-Q05; Local_System/server.py,Obtain order_id and documented event grain; retain source rows until then.,Cannot reliably distinguish repeated orders from legitimate identical observations.,P1 - release control,Marketplace Operations Manager,MKT-REQ-01,"Request order_id, fee schedule, returns, item costs, seller SLAs, and ledger control totals before extending this case into commercial profitability.",Obtain order_id and documented event grain; retain source rows until then.,Source owner confirms key uniqueness and a fixture proves duplicates are quarantined.,Open - production / extended capability,"Unestimated; confirm source access, team capacity, and platform",Observed source/code evidence; organizational process baselines remain scenario assumptions
MKT-GAP-02,Data / metrics,Profitability inputs,GMV and platform revenue exist; costs and returns do not.,amazon_marketplace_aligned.csv; Analysis/data_profile.json; SQL/Q01-Q05; Local_System/server.py,Add reconciled cost/returns/fee sources before introducing margin KPIs.,Revenue contribution cannot justify a profitability claim.,P2 - capability improvement,Marketplace Operations Manager,MKT-REQ-02,"Request order_id, fee schedule, returns, item costs, seller SLAs, and ledger control totals before extending this case into commercial profitability.",Add reconciled cost/returns/fee sources before introducing margin KPIs.,Finance approves reconciled cost definitions; totals reconcile to source controls.,Open - production / extended capability,"Unestimated; confirm source access, team capacity, and platform",Observed source/code evidence; organizational process baselines remain scenario assumptions
MKT-GAP-03,Business process,Seller interventions,Seller concentration is observable but service context is absent.,amazon_marketplace_aligned.csv; Analysis/data_profile.json; SQL/Q01-Q05; Local_System/server.py,"Add SLA, support, and seller review context to proposed interventions.",Ranking alone may lead to the wrong commercial action.,P2 - capability improvement,Marketplace Operations Manager,MKT-REQ-04,"Request order_id, fee schedule, returns, item costs, seller SLAs, and ledger control totals before extending this case into commercial profitability.","Add SLA, support, and seller review context to proposed interventions.",Operations validates a review queue with documented context and dispositions.,Open - production / extended capability,"Unestimated; confirm source access, team capacity, and platform",Observed source/code evidence; organizational process baselines remain scenario assumptions
MKT-GAP-04,Technology,BI certification,The local dashboard recalculates filters and exposes lineage. Historical PBIX/TWB files are unverified.,amazon_marketplace_aligned.csv; Analysis/data_profile.json; SQL/Q01-Q05; Local_System/server.py,"Rebuild the native semantic model and verify filters, measures, accessibility, and exports.",A historical native dashboard may differ from canonical SQL.,P2 - capability improvement,BI Engineer,MKT-REQ-02,"Approved platform, accountable owner, and representative environment","Rebuild the native semantic model and verify filters, measures, accessibility, and exports.",Native measure totals reconcile to Q01-Q05 and interactive/access test evidence is retained.,Open - production / extended capability,"Unestimated; confirm source access, team capacity, and platform",Observed source/code evidence; organizational process baselines remain scenario assumptions
MKT-GAP-05,Security / controls,Production access,Local accounts and backend role checks are implemented. Enterprise SSO and business-scope RLS are absent.,amazon_marketplace_aligned.csv; Analysis/data_profile.json; SQL/Q01-Q05; Local_System/server.py,"Configure approved identity, least-privilege business scope, export policy, and revoked-access behavior.",Local account controls do not establish enterprise deployment readiness.,P1 - release control,Security / Control Reviewer,MKT-REQ-08,"Approved platform, accountable owner, and representative environment","Configure approved identity, least-privilege business scope, export policy, and revoked-access behavior.","Positive/negative scope tests, revocation, and export checks pass in the chosen environment.",Open - production / extended capability,"Unestimated; confirm source access, team capacity, and platform",Observed source/code evidence; organizational process baselines remain scenario assumptions
MKT-GAP-06,People / acceptance,Business acceptance,"144 planned UAT cases are seeded Not executed. The app records executions, evidence, and independent reviews.",amazon_marketplace_aligned.csv; Analysis/data_profile.json; SQL/Q01-Q05; Local_System/server.py,Execute representative tasks with actual business reviewers and resolve defects.,A technical pass does not establish user acceptance.,P1 - release control,Marketplace Operations Manager,MKT-REQ-04,"Approved platform, accountable owner, and representative environment",Execute representative tasks with actual business reviewers and resolve defects.,"Actual UAT evidence, reviewer identity, defect dispositions, and sponsor decision are recorded.",Open - production / extended capability,"Unestimated; confirm source access, team capacity, and platform",Observed source/code evidence; organizational process baselines remain scenario assumptions
MKT-GAP-07,Operations,Operational scheduling,Admin can refresh sources transactionally; hashes and refresh runs persist. Unattended scheduling is external.,amazon_marketplace_aligned.csv; Analysis/data_profile.json; SQL/Q01-Q05; Local_System/server.py,"Agree refresh frequency, monitoring owner, retention, backup, and rollback expectations.",A failed upstream export may leave stale reporting without agreed escalation.,P2 - capability improvement,Operations Owner,MKT-REQ-01,"Approved platform, accountable owner, and representative environment","Agree refresh frequency, monitoring owner, retention, backup, and rollback expectations.",Scheduled run and failure alert are exercised; restore a backup and reconcile controls.,Open - production / extended capability,"Unestimated; confirm source access, team capacity, and platform",Observed source/code evidence; organizational process baselines remain scenario assumptions
MKT-GAP-08,Benefits,Benefit baseline,"No measured production reporting time, task success, or adoption baseline exists.",amazon_marketplace_aligned.csv; Analysis/data_profile.json; SQL/Q01-Q05; Local_System/server.py,Collect comparable baseline and pilot measurements before claiming benefits.,"No realized time saving, uplift, or forecast improvement can be asserted.",P2 - capability improvement,Marketplace Operations Manager,MKT-REQ-05,"Approved platform, accountable owner, and representative environment",Collect comparable baseline and pilot measurements before claiming benefits.,"Baseline and pilot measures include comparable populations, sample sizes, and uncertainty.",Open - production / extended capability,"Unestimated; confirm source access, team capacity, and platform",Observed source/code evidence; organizational process baselines remain scenario assumptions
ECOM-GAP-01,Data,Identity and deduplication,"14,000 anonymous observations include 138 complete repeated rows.",ecommerce_product_analytics_aligned.csv; Analysis/data_profile.json; SQL/Q01-Q05; Local_System/server.py,Add event/session identifiers and a validated event contract.,Distinct customers and safe deduplication cannot be established.,P1 - release control,Checkout Product Manager,ECOM-REQ-01,"Add event_id, session_id, exposure_id, experiment_variant, timestamps, shipping quote events, payment outcomes, and consent flags before causal experimentation.",Add event/session identifiers and a validated event contract.,Event keys are validated; injected repeats and legitimate identical observations are handled differently.,Open - production / extended capability,"Unestimated; confirm source access, team capacity, and platform",Observed source/code evidence; organizational process baselines remain scenario assumptions
ECOM-GAP-02,Data / metrics,Causal instrumentation,"Shipping quote, payment error, and experiment exposure fields are absent.",ecommerce_product_analytics_aligned.csv; Analysis/data_profile.json; SQL/Q01-Q05; Local_System/server.py,Instrument checkout events and randomized exposure before causal testing.,Funnel loss does not establish an abandonment cause.,P2 - capability improvement,Checkout Product Manager,ECOM-REQ-07,"Add event_id, session_id, exposure_id, experiment_variant, timestamps, shipping quote events, payment outcomes, and consent flags before causal experimentation.",Instrument checkout events and randomized exposure before causal testing.,Event tests verify assignment/exposure; analysis reports denominators and guardrails.,Open - production / extended capability,"Unestimated; confirm source access, team capacity, and platform",Observed source/code evidence; organizational process baselines remain scenario assumptions
ECOM-GAP-03,Business process,Profit definition,Supplied profit is available without a reconciled cost ledger.,ecommerce_product_analytics_aligned.csv; Analysis/data_profile.json; SQL/Q01-Q05; Local_System/server.py,"Confirm returns, shipping, and cost treatment with Finance.",Product economics may omit material costs.,P2 - capability improvement,Checkout Product Manager,ECOM-REQ-05,"Add event_id, session_id, exposure_id, experiment_variant, timestamps, shipping quote events, payment outcomes, and consent flags before causal experimentation.","Confirm returns, shipping, and cost treatment with Finance.",Finance signs off a source cost bridge and weighted margin acceptance example.,Open - production / extended capability,"Unestimated; confirm source access, team capacity, and platform",Observed source/code evidence; organizational process baselines remain scenario assumptions
ECOM-GAP-04,Technology,BI certification,The local dashboard recalculates filters and exposes lineage. Historical PBIX/TWB files are unverified.,ecommerce_product_analytics_aligned.csv; Analysis/data_profile.json; SQL/Q01-Q05; Local_System/server.py,"Rebuild the native semantic model and verify filters, measures, accessibility, and exports.",A historical native dashboard may differ from canonical SQL.,P2 - capability improvement,BI Engineer,ECOM-REQ-02,"Approved platform, accountable owner, and representative environment","Rebuild the native semantic model and verify filters, measures, accessibility, and exports.",Native measure totals reconcile to Q01-Q05 and interactive/access test evidence is retained.,Open - production / extended capability,"Unestimated; confirm source access, team capacity, and platform",Observed source/code evidence; organizational process baselines remain scenario assumptions
ECOM-GAP-05,Security / controls,Production access,Local accounts and backend role checks are implemented. Enterprise SSO and business-scope RLS are absent.,ecommerce_product_analytics_aligned.csv; Analysis/data_profile.json; SQL/Q01-Q05; Local_System/server.py,"Configure approved identity, least-privilege business scope, export policy, and revoked-access behavior.",Local account controls do not establish enterprise deployment readiness.,P1 - release control,Security / Control Reviewer,ECOM-REQ-08,"Approved platform, accountable owner, and representative environment","Configure approved identity, least-privilege business scope, export policy, and revoked-access behavior.","Positive/negative scope tests, revocation, and export checks pass in the chosen environment.",Open - production / extended capability,"Unestimated; confirm source access, team capacity, and platform",Observed source/code evidence; organizational process baselines remain scenario assumptions
ECOM-GAP-06,People / acceptance,Business acceptance,"144 planned UAT cases are seeded Not executed. The app records executions, evidence, and independent reviews.",ecommerce_product_analytics_aligned.csv; Analysis/data_profile.json; SQL/Q01-Q05; Local_System/server.py,Execute representative tasks with actual business reviewers and resolve defects.,A technical pass does not establish user acceptance.,P1 - release control,Checkout Product Manager,ECOM-REQ-04,"Approved platform, accountable owner, and representative environment",Execute representative tasks with actual business reviewers and resolve defects.,"Actual UAT evidence, reviewer identity, defect dispositions, and sponsor decision are recorded.",Open - production / extended capability,"Unestimated; confirm source access, team capacity, and platform",Observed source/code evidence; organizational process baselines remain scenario assumptions
ECOM-GAP-07,Operations,Operational scheduling,Admin can refresh sources transactionally; hashes and refresh runs persist. Unattended scheduling is external.,ecommerce_product_analytics_aligned.csv; Analysis/data_profile.json; SQL/Q01-Q05; Local_System/server.py,"Agree refresh frequency, monitoring owner, retention, backup, and rollback expectations.",A failed upstream export may leave stale reporting without agreed escalation.,P2 - capability improvement,Operations Owner,ECOM-REQ-01,"Approved platform, accountable owner, and representative environment","Agree refresh frequency, monitoring owner, retention, backup, and rollback expectations.",Scheduled run and failure alert are exercised; restore a backup and reconcile controls.,Open - production / extended capability,"Unestimated; confirm source access, team capacity, and platform",Observed source/code evidence; organizational process baselines remain scenario assumptions
ECOM-GAP-08,Benefits,Benefit baseline,"No measured production reporting time, task success, or adoption baseline exists.",ecommerce_product_analytics_aligned.csv; Analysis/data_profile.json; SQL/Q01-Q05; Local_System/server.py,Collect comparable baseline and pilot measurements before claiming benefits.,"No realized time saving, uplift, or forecast improvement can be asserted.",P2 - capability improvement,Checkout Product Manager,ECOM-REQ-05,"Approved platform, accountable owner, and representative environment",Collect comparable baseline and pilot measurements before claiming benefits.,"Baseline and pilot measures include comparable populations, sample sizes, and uncertainty.",Open - production / extended capability,"Unestimated; confirm source access, team capacity, and platform",Observed source/code evidence; organizational process baselines remain scenario assumptions
FIN-GAP-01,Data,Ledger authorization,30 of 30 revenue comparisons match; approved ledger provenance is not supplied.,fpna_finance_fact.csv; Analysis/data_profile.json; SQL/Q01-Q05; Local_System/server.py,"Obtain ledger control totals, chart mapping, and an approved close version.",Matching extracts alone do not prove an authorized financial close.,P1 - release control,FP&A Manager,FIN-REQ-05,"Obtain ledger control totals, chart-of-accounts mapping, approved budget version, FX policy, fiscal calendar, and controller signoff before production finance use.","Obtain ledger control totals, chart mapping, and an approved close version.",Controller approves source scope and totals; mismatched and missing-source fixtures are retained.,Open - production / extended capability,"Unestimated; confirm source access, team capacity, and platform",Observed source/code evidence; organizational process baselines remain scenario assumptions
FIN-GAP-02,Data / metrics,Currency and calendar,USD is a portfolio assumption; production FX and fiscal policies are absent.,fpna_finance_fact.csv; Analysis/data_profile.json; SQL/Q01-Q05; Local_System/server.py,"Agree currency, FX conversion, and fiscal calendar mappings.",Cross-region consolidation could mix incomparable amounts.,P2 - capability improvement,FP&A Manager,FIN-REQ-03,"Obtain ledger control totals, chart-of-accounts mapping, approved budget version, FX policy, fiscal calendar, and controller signoff before production finance use.","Agree currency, FX conversion, and fiscal calendar mappings.",Finance approves mappings and boundary fixtures for fiscal/FX handling.,Open - production / extended capability,"Unestimated; confirm source access, team capacity, and platform",Observed source/code evidence; organizational process baselines remain scenario assumptions
FIN-GAP-03,Business process,Forecast evaluation,Actual/budget extracts exist without forecast history.,fpna_finance_fact.csv; Analysis/data_profile.json; SQL/Q01-Q05; Local_System/server.py,Collect dated forecast versions and actual outcomes before evaluating accuracy.,No forecast improvement can be measured.,P2 - capability improvement,FP&A Manager,FIN-REQ-08,"Obtain ledger control totals, chart-of-accounts mapping, approved budget version, FX policy, fiscal calendar, and controller signoff before production finance use.",Collect dated forecast versions and actual outcomes before evaluating accuracy.,Define error metric and evaluate a held-out history without rewriting prior versions.,Open - production / extended capability,"Unestimated; confirm source access, team capacity, and platform",Observed source/code evidence; organizational process baselines remain scenario assumptions
FIN-GAP-04,Technology,BI certification,The local dashboard recalculates filters and exposes lineage. Historical PBIX/TWB files are unverified.,fpna_finance_fact.csv; Analysis/data_profile.json; SQL/Q01-Q05; Local_System/server.py,"Rebuild the native semantic model and verify filters, measures, accessibility, and exports.",A historical native dashboard may differ from canonical SQL.,P2 - capability improvement,BI Engineer,FIN-REQ-02,"Approved platform, accountable owner, and representative environment","Rebuild the native semantic model and verify filters, measures, accessibility, and exports.",Native measure totals reconcile to Q01-Q05 and interactive/access test evidence is retained.,Open - production / extended capability,"Unestimated; confirm source access, team capacity, and platform",Observed source/code evidence; organizational process baselines remain scenario assumptions
FIN-GAP-05,Security / controls,Production access,Local accounts and backend role checks are implemented. Enterprise SSO and business-scope RLS are absent.,fpna_finance_fact.csv; Analysis/data_profile.json; SQL/Q01-Q05; Local_System/server.py,"Configure approved identity, least-privilege business scope, export policy, and revoked-access behavior.",Local account controls do not establish enterprise deployment readiness.,P1 - release control,Security / Control Reviewer,FIN-REQ-08,"Approved platform, accountable owner, and representative environment","Configure approved identity, least-privilege business scope, export policy, and revoked-access behavior.","Positive/negative scope tests, revocation, and export checks pass in the chosen environment.",Open - production / extended capability,"Unestimated; confirm source access, team capacity, and platform",Observed source/code evidence; organizational process baselines remain scenario assumptions
FIN-GAP-06,People / acceptance,Business acceptance,"144 planned UAT cases are seeded Not executed. The app records executions, evidence, and independent reviews.",fpna_finance_fact.csv; Analysis/data_profile.json; SQL/Q01-Q05; Local_System/server.py,Execute representative tasks with actual business reviewers and resolve defects.,A technical pass does not establish user acceptance.,P1 - release control,FP&A Manager,FIN-REQ-04,"Approved platform, accountable owner, and representative environment",Execute representative tasks with actual business reviewers and resolve defects.,"Actual UAT evidence, reviewer identity, defect dispositions, and sponsor decision are recorded.",Open - production / extended capability,"Unestimated; confirm source access, team capacity, and platform",Observed source/code evidence; organizational process baselines remain scenario assumptions
FIN-GAP-07,Operations,Operational scheduling,Admin can refresh sources transactionally; hashes and refresh runs persist. Unattended scheduling is external.,fpna_finance_fact.csv; Analysis/data_profile.json; SQL/Q01-Q05; Local_System/server.py,"Agree refresh frequency, monitoring owner, retention, backup, and rollback expectations.",A failed upstream export may leave stale reporting without agreed escalation.,P2 - capability improvement,Operations Owner,FIN-REQ-01,"Approved platform, accountable owner, and representative environment","Agree refresh frequency, monitoring owner, retention, backup, and rollback expectations.",Scheduled run and failure alert are exercised; restore a backup and reconcile controls.,Open - production / extended capability,"Unestimated; confirm source access, team capacity, and platform",Observed source/code evidence; organizational process baselines remain scenario assumptions
FIN-GAP-08,Benefits,Benefit baseline,"No measured production reporting time, task success, or adoption baseline exists.",fpna_finance_fact.csv; Analysis/data_profile.json; SQL/Q01-Q05; Local_System/server.py,Collect comparable baseline and pilot measurements before claiming benefits.,"No realized time saving, uplift, or forecast improvement can be asserted.",P2 - capability improvement,FP&A Manager,FIN-REQ-05,"Approved platform, accountable owner, and representative environment",Collect comparable baseline and pilot measurements before claiming benefits.,"Baseline and pilot measures include comparable populations, sample sizes, and uncertainty.",Open - production / extended capability,"Unestimated; confirm source access, team capacity, and platform",Observed source/code evidence; organizational process baselines remain scenario assumptions
ADS-GAP-01,Data,Attribution contract,Attributed revenue is present; attribution window and event keys are unknown.,marketing_ads_roi_dashboard_aligned.csv; Analysis/data_profile.json; SQL/Q01-Q05; Local_System/server.py,"Agree conversion window, campaign identifiers, and revenue reconciliation.",Cross-channel ROAS comparisons may use incompatible populations.,P1 - release control,Marketing Operations Manager,ADS-REQ-01,"Obtain campaign IDs, attribution windows, order-level revenue, returns, COGS, agency fees, and experiment assignments before full ROI or incrementality reporting.","Agree conversion window, campaign identifiers, and revenue reconciliation.",Marketing and Finance approve the attribution contract and reconciliation.,Open - production / extended capability,"Unestimated; confirm source access, team capacity, and platform",Observed source/code evidence; organizational process baselines remain scenario assumptions
ADS-GAP-02,Data / metrics,Full ROI inputs,"Revenue minus spend excludes COGS, returns, fees, and overhead.",marketing_ads_roi_dashboard_aligned.csv; Analysis/data_profile.json; SQL/Q01-Q05; Local_System/server.py,Add approved cost inputs before reporting full business ROI.,Ad-only contribution may be mistaken for net profit.,P2 - capability improvement,Marketing Operations Manager,ADS-REQ-07,"Obtain campaign IDs, attribution windows, order-level revenue, returns, COGS, agency fees, and experiment assignments before full ROI or incrementality reporting.",Add approved cost inputs before reporting full business ROI.,A reconciled cost bridge supports the new metric; existing labels remain accurate.,Open - production / extended capability,"Unestimated; confirm source access, team capacity, and platform",Observed source/code evidence; organizational process baselines remain scenario assumptions
ADS-GAP-03,Business process,Incrementality evidence,High observed ROAS has no randomized/holdout evidence.,marketing_ads_roi_dashboard_aligned.csv; Analysis/data_profile.json; SQL/Q01-Q05; Local_System/server.py,"Run a capped budget pilot with a holdout, stop rules, and saturation review.",Observed efficiency does not prove marginal return on extra spend.,P2 - capability improvement,Marketing Operations Manager,ADS-REQ-06,"Obtain campaign IDs, attribution windows, order-level revenue, returns, COGS, agency fees, and experiment assignments before full ROI or incrementality reporting.","Run a capped budget pilot with a holdout, stop rules, and saturation review.","Pilot assignment, actual spend, guardrails, and approved interpretation are recorded.",Open - production / extended capability,"Unestimated; confirm source access, team capacity, and platform",Observed source/code evidence; organizational process baselines remain scenario assumptions
ADS-GAP-04,Technology,BI certification,The local dashboard recalculates filters and exposes lineage. Historical PBIX/TWB files are unverified.,marketing_ads_roi_dashboard_aligned.csv; Analysis/data_profile.json; SQL/Q01-Q05; Local_System/server.py,"Rebuild the native semantic model and verify filters, measures, accessibility, and exports.",A historical native dashboard may differ from canonical SQL.,P2 - capability improvement,BI Engineer,ADS-REQ-02,"Approved platform, accountable owner, and representative environment","Rebuild the native semantic model and verify filters, measures, accessibility, and exports.",Native measure totals reconcile to Q01-Q05 and interactive/access test evidence is retained.,Open - production / extended capability,"Unestimated; confirm source access, team capacity, and platform",Observed source/code evidence; organizational process baselines remain scenario assumptions
ADS-GAP-05,Security / controls,Production access,Local accounts and backend role checks are implemented. Enterprise SSO and business-scope RLS are absent.,marketing_ads_roi_dashboard_aligned.csv; Analysis/data_profile.json; SQL/Q01-Q05; Local_System/server.py,"Configure approved identity, least-privilege business scope, export policy, and revoked-access behavior.",Local account controls do not establish enterprise deployment readiness.,P1 - release control,Security / Control Reviewer,ADS-REQ-08,"Approved platform, accountable owner, and representative environment","Configure approved identity, least-privilege business scope, export policy, and revoked-access behavior.","Positive/negative scope tests, revocation, and export checks pass in the chosen environment.",Open - production / extended capability,"Unestimated; confirm source access, team capacity, and platform",Observed source/code evidence; organizational process baselines remain scenario assumptions
ADS-GAP-06,People / acceptance,Business acceptance,"144 planned UAT cases are seeded Not executed. The app records executions, evidence, and independent reviews.",marketing_ads_roi_dashboard_aligned.csv; Analysis/data_profile.json; SQL/Q01-Q05; Local_System/server.py,Execute representative tasks with actual business reviewers and resolve defects.,A technical pass does not establish user acceptance.,P1 - release control,Marketing Operations Manager,ADS-REQ-04,"Approved platform, accountable owner, and representative environment",Execute representative tasks with actual business reviewers and resolve defects.,"Actual UAT evidence, reviewer identity, defect dispositions, and sponsor decision are recorded.",Open - production / extended capability,"Unestimated; confirm source access, team capacity, and platform",Observed source/code evidence; organizational process baselines remain scenario assumptions
ADS-GAP-07,Operations,Operational scheduling,Admin can refresh sources transactionally; hashes and refresh runs persist. Unattended scheduling is external.,marketing_ads_roi_dashboard_aligned.csv; Analysis/data_profile.json; SQL/Q01-Q05; Local_System/server.py,"Agree refresh frequency, monitoring owner, retention, backup, and rollback expectations.",A failed upstream export may leave stale reporting without agreed escalation.,P2 - capability improvement,Operations Owner,ADS-REQ-01,"Approved platform, accountable owner, and representative environment","Agree refresh frequency, monitoring owner, retention, backup, and rollback expectations.",Scheduled run and failure alert are exercised; restore a backup and reconcile controls.,Open - production / extended capability,"Unestimated; confirm source access, team capacity, and platform",Observed source/code evidence; organizational process baselines remain scenario assumptions
ADS-GAP-08,Benefits,Benefit baseline,"No measured production reporting time, task success, or adoption baseline exists.",marketing_ads_roi_dashboard_aligned.csv; Analysis/data_profile.json; SQL/Q01-Q05; Local_System/server.py,Collect comparable baseline and pilot measurements before claiming benefits.,"No realized time saving, uplift, or forecast improvement can be asserted.",P2 - capability improvement,Marketing Operations Manager,ADS-REQ-05,"Approved platform, accountable owner, and representative environment",Collect comparable baseline and pilot measurements before claiming benefits.,"Baseline and pilot measures include comparable populations, sample sizes, and uncertainty.",Open - production / extended capability,"Unestimated; confirm source access, team capacity, and platform",Observed source/code evidence; organizational process baselines remain scenario assumptions
REG-GAP-01,Data,Target dataset,"Sales records have no monthly targets, costs, reps, or prior-year data.",regional_sales_tableau_aligned.csv; Analysis/data_profile.json; SQL/Q01-Q05; Local_System/server.py,Obtain approved targets and prior-year inputs before adding attainment/YoY metrics.,Unsupported target and YoY judgments would misrepresent the source.,P1 - release control,Sales Operations Manager,REG-REQ-06,"Obtain monthly targets, store operating calendar, closures, currency, comparable-store flags, costs, and prior-year sales before extending performance conclusions.",Obtain approved targets and prior-year inputs before adding attainment/YoY metrics.,New sources reconcile; target and comparable-period formulas pass boundary cases.,Open - production / extended capability,"Unestimated; confirm source access, team capacity, and platform",Observed source/code evidence; organizational process baselines remain scenario assumptions
REG-GAP-02,Data / metrics,Operating comparability,All 220 restaurants report six months; operating days and closures are unknown.,regional_sales_tableau_aligned.csv; Analysis/data_profile.json; SQL/Q01-Q05; Local_System/server.py,Add operating calendar and comparable-store flags.,Complete rows do not establish comparable store performance.,P2 - capability improvement,Sales Operations Manager,REG-REQ-05,"Obtain monthly targets, store operating calendar, closures, currency, comparable-store flags, costs, and prior-year sales before extending performance conclusions.",Add operating calendar and comparable-store flags.,Managers approve comparability flags and missing/closed-store test cases.,Open - production / extended capability,"Unestimated; confirm source access, team capacity, and platform",Observed source/code evidence; organizational process baselines remain scenario assumptions
REG-GAP-03,Business process,Effective-dated mapping,Current restaurant-to-city/zone mapping is stable in this snapshot.,regional_sales_tableau_aligned.csv; Analysis/data_profile.json; SQL/Q01-Q05; Local_System/server.py,Define effective-dated mappings for future zone transfers.,A future transfer may double-count sales or restrict the wrong users.,P2 - capability improvement,Sales Operations Manager,REG-REQ-01,"Obtain monthly targets, store operating calendar, closures, currency, comparable-store flags, costs, and prior-year sales before extending performance conclusions.",Define effective-dated mappings for future zone transfers.,Mapping tests preserve total sales and assigned scope across transfer dates.,Open - production / extended capability,"Unestimated; confirm source access, team capacity, and platform",Observed source/code evidence; organizational process baselines remain scenario assumptions
REG-GAP-04,Technology,BI certification,The local dashboard recalculates filters and exposes lineage. Historical PBIX/TWB files are unverified.,regional_sales_tableau_aligned.csv; Analysis/data_profile.json; SQL/Q01-Q05; Local_System/server.py,"Rebuild the native semantic model and verify filters, measures, accessibility, and exports.",A historical native dashboard may differ from canonical SQL.,P2 - capability improvement,BI Engineer,REG-REQ-02,"Approved platform, accountable owner, and representative environment","Rebuild the native semantic model and verify filters, measures, accessibility, and exports.",Native measure totals reconcile to Q01-Q05 and interactive/access test evidence is retained.,Open - production / extended capability,"Unestimated; confirm source access, team capacity, and platform",Observed source/code evidence; organizational process baselines remain scenario assumptions
REG-GAP-05,Security / controls,Production access,Local accounts and backend role checks are implemented. Enterprise SSO and business-scope RLS are absent.,regional_sales_tableau_aligned.csv; Analysis/data_profile.json; SQL/Q01-Q05; Local_System/server.py,"Configure approved identity, least-privilege business scope, export policy, and revoked-access behavior.",Local account controls do not establish enterprise deployment readiness.,P1 - release control,Security / Control Reviewer,REG-REQ-08,"Approved platform, accountable owner, and representative environment","Configure approved identity, least-privilege business scope, export policy, and revoked-access behavior.","Positive/negative scope tests, revocation, and export checks pass in the chosen environment.",Open - production / extended capability,"Unestimated; confirm source access, team capacity, and platform",Observed source/code evidence; organizational process baselines remain scenario assumptions
REG-GAP-06,People / acceptance,Business acceptance,"144 planned UAT cases are seeded Not executed. The app records executions, evidence, and independent reviews.",regional_sales_tableau_aligned.csv; Analysis/data_profile.json; SQL/Q01-Q05; Local_System/server.py,Execute representative tasks with actual business reviewers and resolve defects.,A technical pass does not establish user acceptance.,P1 - release control,Sales Operations Manager,REG-REQ-04,"Approved platform, accountable owner, and representative environment",Execute representative tasks with actual business reviewers and resolve defects.,"Actual UAT evidence, reviewer identity, defect dispositions, and sponsor decision are recorded.",Open - production / extended capability,"Unestimated; confirm source access, team capacity, and platform",Observed source/code evidence; organizational process baselines remain scenario assumptions
REG-GAP-07,Operations,Operational scheduling,Admin can refresh sources transactionally; hashes and refresh runs persist. Unattended scheduling is external.,regional_sales_tableau_aligned.csv; Analysis/data_profile.json; SQL/Q01-Q05; Local_System/server.py,"Agree refresh frequency, monitoring owner, retention, backup, and rollback expectations.",A failed upstream export may leave stale reporting without agreed escalation.,P2 - capability improvement,Operations Owner,REG-REQ-01,"Approved platform, accountable owner, and representative environment","Agree refresh frequency, monitoring owner, retention, backup, and rollback expectations.",Scheduled run and failure alert are exercised; restore a backup and reconcile controls.,Open - production / extended capability,"Unestimated; confirm source access, team capacity, and platform",Observed source/code evidence; organizational process baselines remain scenario assumptions
REG-GAP-08,Benefits,Benefit baseline,"No measured production reporting time, task success, or adoption baseline exists.",regional_sales_tableau_aligned.csv; Analysis/data_profile.json; SQL/Q01-Q05; Local_System/server.py,Collect comparable baseline and pilot measurements before claiming benefits.,"No realized time saving, uplift, or forecast improvement can be asserted.",P2 - capability improvement,Sales Operations Manager,REG-REQ-05,"Approved platform, accountable owner, and representative environment",Collect comparable baseline and pilot measurements before claiming benefits.,"Baseline and pilot measures include comparable populations, sample sizes, and uncertainty.",Open - production / extended capability,"Unestimated; confirm source access, team capacity, and platform",Observed source/code evidence; organizational process baselines remain scenario assumptions
CRM-GAP-01,Data,Forecast timing,Ten opportunity records have no close/snapshot dates or stage history.,pipeline.csv; Analysis/data_profile.json; SQL/Q01-Q05; Local_System/server.py,"Add dated snapshots, expected close dates, and history before forecasting timing.","Velocity, time-bounded forecast, and historical win rate cannot be established.",P1 - release control,Sales Operations Manager,CRM-REQ-06,"Add snapshot_date, owner_id, created_date, expected_close_date, stage_history, loss_reason, account_id, and approved probability policy before time-bounded forecasting.","Add dated snapshots, expected close dates, and history before forecasting timing.",Date/history fields are validated and the forecast cohort is documented.,Open - production / extended capability,"Unestimated; confirm source access, team capacity, and platform",Observed source/code evidence; organizational process baselines remain scenario assumptions
CRM-GAP-02,Data / metrics,Probability calibration,"Stage probabilities are supplied, not calibrated to historical outcomes.",pipeline.csv; Analysis/data_profile.json; SQL/Q01-Q05; Local_System/server.py,Review stage policy and calibrate on approved history.,Weighted open value is a scenario rather than a validated forecast.,P2 - capability improvement,Sales Operations Manager,CRM-REQ-03,"Add snapshot_date, owner_id, created_date, expected_close_date, stage_history, loss_reason, account_id, and approved probability policy before time-bounded forecasting.",Review stage policy and calibrate on approved history.,Sales Ops approves policy; hold-out evaluation and closed-stage rules pass.,Open - production / extended capability,"Unestimated; confirm source access, team capacity, and platform",Observed source/code evidence; organizational process baselines remain scenario assumptions
CRM-GAP-03,Business process,Native CRM rules,Local fixtures validate stage/probability; Salesforce is not configured.,pipeline.csv; Analysis/data_profile.json; SQL/Q01-Q05; Local_System/server.py,Implement mandatory close fields and validation in a Salesforce sandbox.,The live CRM could still accept invalid stage/probability combinations.,P2 - capability improvement,Sales Operations Manager,CRM-REQ-07,"Add snapshot_date, owner_id, created_date, expected_close_date, stage_history, loss_reason, account_id, and approved probability policy before time-bounded forecasting.",Implement mandatory close fields and validation in a Salesforce sandbox.,Sandbox tests block Closed Won below 1 and Closed Lost above 0; retain screenshots/logs.,Open - production / extended capability,"Unestimated; confirm source access, team capacity, and platform",Observed source/code evidence; organizational process baselines remain scenario assumptions
CRM-GAP-04,Technology,BI certification,The local dashboard recalculates filters and exposes lineage. Historical PBIX/TWB files are unverified.,pipeline.csv; Analysis/data_profile.json; SQL/Q01-Q05; Local_System/server.py,"Rebuild the native semantic model and verify filters, measures, accessibility, and exports.",A historical native dashboard may differ from canonical SQL.,P2 - capability improvement,BI Engineer,CRM-REQ-02,"Approved platform, accountable owner, and representative environment","Rebuild the native semantic model and verify filters, measures, accessibility, and exports.",Native measure totals reconcile to Q01-Q05 and interactive/access test evidence is retained.,Open - production / extended capability,"Unestimated; confirm source access, team capacity, and platform",Observed source/code evidence; organizational process baselines remain scenario assumptions
CRM-GAP-05,Security / controls,Production access,Local accounts and backend role checks are implemented. Enterprise SSO and business-scope RLS are absent.,pipeline.csv; Analysis/data_profile.json; SQL/Q01-Q05; Local_System/server.py,"Configure approved identity, least-privilege business scope, export policy, and revoked-access behavior.",Local account controls do not establish enterprise deployment readiness.,P1 - release control,Security / Control Reviewer,CRM-REQ-08,"Approved platform, accountable owner, and representative environment","Configure approved identity, least-privilege business scope, export policy, and revoked-access behavior.","Positive/negative scope tests, revocation, and export checks pass in the chosen environment.",Open - production / extended capability,"Unestimated; confirm source access, team capacity, and platform",Observed source/code evidence; organizational process baselines remain scenario assumptions
CRM-GAP-06,People / acceptance,Business acceptance,"144 planned UAT cases are seeded Not executed. The app records executions, evidence, and independent reviews.",pipeline.csv; Analysis/data_profile.json; SQL/Q01-Q05; Local_System/server.py,Execute representative tasks with actual business reviewers and resolve defects.,A technical pass does not establish user acceptance.,P1 - release control,Sales Operations Manager,CRM-REQ-04,"Approved platform, accountable owner, and representative environment",Execute representative tasks with actual business reviewers and resolve defects.,"Actual UAT evidence, reviewer identity, defect dispositions, and sponsor decision are recorded.",Open - production / extended capability,"Unestimated; confirm source access, team capacity, and platform",Observed source/code evidence; organizational process baselines remain scenario assumptions
CRM-GAP-07,Operations,Operational scheduling,Admin can refresh sources transactionally; hashes and refresh runs persist. Unattended scheduling is external.,pipeline.csv; Analysis/data_profile.json; SQL/Q01-Q05; Local_System/server.py,"Agree refresh frequency, monitoring owner, retention, backup, and rollback expectations.",A failed upstream export may leave stale reporting without agreed escalation.,P2 - capability improvement,Operations Owner,CRM-REQ-01,"Approved platform, accountable owner, and representative environment","Agree refresh frequency, monitoring owner, retention, backup, and rollback expectations.",Scheduled run and failure alert are exercised; restore a backup and reconcile controls.,Open - production / extended capability,"Unestimated; confirm source access, team capacity, and platform",Observed source/code evidence; organizational process baselines remain scenario assumptions
CRM-GAP-08,Benefits,Benefit baseline,"No measured production reporting time, task success, or adoption baseline exists.",pipeline.csv; Analysis/data_profile.json; SQL/Q01-Q05; Local_System/server.py,Collect comparable baseline and pilot measurements before claiming benefits.,"No realized time saving, uplift, or forecast improvement can be asserted.",P2 - capability improvement,Sales Operations Manager,CRM-REQ-05,"Approved platform, accountable owner, and representative environment",Collect comparable baseline and pilot measurements before claiming benefits.,"Baseline and pilot measures include comparable populations, sample sizes, and uncertainty.",Open - production / extended capability,"Unestimated; confirm source access, team capacity, and platform",Observed source/code evidence; organizational process baselines remain scenario assumptions
