Restaurant ID,City,Zone,Month,Sales
R-0001,Raleigh,5,2025-07,89070.31
R-0001,Raleigh,5,2025-08,70054.52
R-0001,Raleigh,5,2025-09,79391.65
R-0001,Raleigh,5,2025-10,71755.32
R-0001,Raleigh,5,2025-11,87806.13
R-0001,Raleigh,5,2025-12,101927.18
R-0002,Winston-Salem,3,2025-07,79048.51
R-0002,Winston-Salem,3,2025-08,59490.03
R-0002,Winston-Salem,3,2025-09,77851.09
R-0002,Winston-Salem,3,2025-10,90212.18
R-0002,Winston-Salem,3,2025-11,102413.85
R-0002,Winston-Salem,3,2025-12,102438.48
R-0003,Asheville,5,2025-07,72380.92
R-0003,Asheville,5,2025-08,45939.01
R-0003,Asheville,5,2025-09,55251.37
R-0003,Asheville,5,2025-10,51808.32
R-0003,Asheville,5,2025-11,50625.93
R-0003,Asheville,5,2025-12,70440.94
R-0004,Wilmington,1,2025-07,66120.13
R-0004,Wilmington,1,2025-08,54057.61
R-0004,Wilmington,1,2025-09,44950.71
R-0004,Wilmington,1,2025-10,61890.01
R-0004,Wilmington,1,2025-11,73953.33
R-0004,Wilmington,1,2025-12,65189.56
R-0005,Charlotte,4,2025-07,45555.24
R-0005,Charlotte,4,2025-08,44349.33
R-0005,Charlotte,4,2025-09,40433.93
R-0005,Charlotte,4,2025-10,42502.92
R-0005,Charlotte,4,2025-11,37859.42
R-0005,Charlotte,4,2025-12,44234.01
R-0006,Greenville,1,2025-07,37229.32
R-0006,Greenville,1,2025-08,48584.03
R-0006,Greenville,1,2025-09,45691.44
R-0006,Greenville,1,2025-10,46768.79
R-0006,Greenville,1,2025-11,58068.83
R-0006,Greenville,1,2025-12,47888.81
R-0007,Charlotte,3,2025-07,43892.82
R-0007,Charlotte,3,2025-08,52424.82
R-0007,Charlotte,3,2025-09,69479.68
R-0007,Charlotte,3,2025-10,51595.0
R-0007,Charlotte,3,2025-11,69661.99
R-0007,Charlotte,3,2025-12,62090.35
R-0008,Greensboro,2,2025-07,37803.91
R-0008,Greensboro,2,2025-08,45821.58
R-0008,Greensboro,2,2025-09,45158.72
R-0008,Greensboro,2,2025-10,42536.75
R-0008,Greensboro,2,2025-11,58604.65
R-0008,Greensboro,2,2025-12,61110.07
R-0009,Durham,3,2025-07,38016.39
R-0009,Durham,3,2025-08,53809.17
R-0009,Durham,3,2025-09,57864.79
R-0009,Durham,3,2025-10,44788.06
R-0009,Durham,3,2025-11,66919.58
R-0009,Durham,3,2025-12,58982.43
R-0010,Asheville,2,2025-07,40892.76
R-0010,Asheville,2,2025-08,33722.26
R-0010,Asheville,2,2025-09,50400.97
R-0010,Asheville,2,2025-10,37911.08
R-0010,Asheville,2,2025-11,50483.79
R-0010,Asheville,2,2025-12,40512.94
R-0011,Durham,3,2025-07,76343.39
R-0011,Durham,3,2025-08,73366.88
R-0011,Durham,3,2025-09,61760.04
R-0011,Durham,3,2025-10,74670.88
R-0011,Durham,3,2025-11,68593.03
R-0011,Durham,3,2025-12,77303.18
R-0012,Durham,1,2025-07,32966.51
R-0012,Durham,1,2025-08,43665.39
R-0012,Durham,1,2025-09,49072.57
R-0012,Durham,1,2025-10,47023.65
R-0012,Durham,1,2025-11,35881.5
R-0012,Durham,1,2025-12,37700.93
R-0013,Greensboro,5,2025-07,62435.55
R-0013,Greensboro,5,2025-08,66842.24
R-0013,Greensboro,5,2025-09,45266.71
R-0013,Greensboro,5,2025-10,45731.6
R-0013,Greensboro,5,2025-11,59892.28
R-0013,Greensboro,5,2025-12,73349.39
R-0014,Raleigh,2,2025-07,55245.89
R-0014,Raleigh,2,2025-08,65728.7
R-0014,Raleigh,2,2025-09,57943.04
R-0014,Raleigh,2,2025-10,52342.82
R-0014,Raleigh,2,2025-11,84436.58
R-0014,Raleigh,2,2025-12,59386.71
R-0015,Durham,1,2025-07,56467.37
R-0015,Durham,1,2025-08,76537.06
R-0015,Durham,1,2025-09,58152.54
R-0015,Durham,1,2025-10,54396.06
R-0015,Durham,1,2025-11,80098.37
R-0015,Durham,1,2025-12,70719.43
R-0016,Raleigh,5,2025-07,39357.55
R-0016,Raleigh,5,2025-08,47649.71
R-0016,Raleigh,5,2025-09,62066.48
R-0016,Raleigh,5,2025-10,57575.22
R-0016,Raleigh,5,2025-11,61143.12
R-0016,Raleigh,5,2025-12,63929.71
R-0017,Fayetteville,4,2025-07,59997.01
R-0017,Fayetteville,4,2025-08,60464.53
R-0017,Fayetteville,4,2025-09,63039.73
R-0017,Fayetteville,4,2025-10,62429.22
R-0017,Fayetteville,4,2025-11,61273.43
R-0017,Fayetteville,4,2025-12,57066.43
R-0018,Charlotte,2,2025-07,60513.2
R-0018,Charlotte,2,2025-08,76489.65
R-0018,Charlotte,2,2025-09,74690.94
R-0018,Charlotte,2,2025-10,88578.28
R-0018,Charlotte,2,2025-11,87783.88
R-0018,Charlotte,2,2025-12,61153.95
R-0019,Asheville,5,2025-07,45380.67
R-0019,Asheville,5,2025-08,36442.35
R-0019,Asheville,5,2025-09,54562.9
R-0019,Asheville,5,2025-10,52542.25
R-0019,Asheville,5,2025-11,55540.23
R-0019,Asheville,5,2025-12,54678.87
R-0020,Winston-Salem,3,2025-07,46644.61
R-0020,Winston-Salem,3,2025-08,41919.66
R-0020,Winston-Salem,3,2025-09,42761.77
R-0020,Winston-Salem,3,2025-10,37799.16
R-0020,Winston-Salem,3,2025-11,49076.61
R-0020,Winston-Salem,3,2025-12,51179.42
R-0021,Durham,3,2025-07,57566.21
R-0021,Durham,3,2025-08,44237.08
R-0021,Durham,3,2025-09,53932.46
R-0021,Durham,3,2025-10,40243.63
R-0021,Durham,3,2025-11,60408.74
R-0021,Durham,3,2025-12,52298.58
R-0022,Asheville,5,2025-07,66142.03
R-0022,Asheville,5,2025-08,69149.84
R-0022,Asheville,5,2025-09,72652.39
R-0022,Asheville,5,2025-10,66241.12
R-0022,Asheville,5,2025-11,71717.96
R-0022,Asheville,5,2025-12,60933.03
R-0023,Durham,3,2025-07,55447.26
R-0023,Durham,3,2025-08,53509.69
R-0023,Durham,3,2025-09,63918.69
R-0023,Durham,3,2025-10,57768.09
R-0023,Durham,3,2025-11,51012.82
R-0023,Durham,3,2025-12,62318.39
R-0024,Greensboro,2,2025-07,50976.7
R-0024,Greensboro,2,2025-08,56811.14
R-0024,Greensboro,2,2025-09,41255.74
R-0024,Greensboro,2,2025-10,45713.5
R-0024,Greensboro,2,2025-11,54893.34
R-0024,Greensboro,2,2025-12,64297.76
R-0025,Charlotte,5,2025-07,51294.75
R-0025,Charlotte,5,2025-08,43303.51
R-0025,Charlotte,5,2025-09,49057.11
R-0025,Charlotte,5,2025-10,71149.88
R-0025,Charlotte,5,2025-11,56982.48
R-0025,Charlotte,5,2025-12,76444.69
R-0026,Wilmington,4,2025-07,48610.31
R-0026,Wilmington,4,2025-08,47598.97
R-0026,Wilmington,4,2025-09,36076.94
R-0026,Wilmington,4,2025-10,43486.92
R-0026,Wilmington,4,2025-11,62199.91
R-0026,Wilmington,4,2025-12,54261.32
R-0027,Asheville,3,2025-07,31845.17
R-0027,Asheville,3,2025-08,46242.62
R-0027,Asheville,3,2025-09,40130.79
R-0027,Asheville,3,2025-10,44619.48
R-0027,Asheville,3,2025-11,38026.95
R-0027,Asheville,3,2025-12,47232.83
R-0028,Greenville,5,2025-07,72791.54
R-0028,Greenville,5,2025-08,65362.78
R-0028,Greenville,5,2025-09,63281.75
R-0028,Greenville,5,2025-10,72038.34
R-0028,Greenville,5,2025-11,61540.62
R-0028,Greenville,5,2025-12,79493.13
R-0029,Winston-Salem,3,2025-07,44135.25
R-0029,Winston-Salem,3,2025-08,47340.26
R-0029,Winston-Salem,3,2025-09,40648.5
R-0029,Winston-Salem,3,2025-10,53415.53
R-0029,Winston-Salem,3,2025-11,53244.69
R-0029,Winston-Salem,3,2025-12,61465.64
R-0030,Wilmington,4,2025-07,50547.79
R-0030,Wilmington,4,2025-08,40488.29
R-0030,Wilmington,4,2025-09,50540.96
R-0030,Wilmington,4,2025-10,45605.66
R-0030,Wilmington,4,2025-11,66260.87
R-0030,Wilmington,4,2025-12,54557.95
R-0031,Fayetteville,3,2025-07,40843.03
R-0031,Fayetteville,3,2025-08,44195.23
R-0031,Fayetteville,3,2025-09,62132.42
R-0031,Fayetteville,3,2025-10,58263.07
R-0031,Fayetteville,3,2025-11,44855.48
R-0031,Fayetteville,3,2025-12,66767.36
R-0032,Wilmington,2,2025-07,55458.95
R-0032,Wilmington,2,2025-08,75441.02
R-0032,Wilmington,2,2025-09,58247.17
R-0032,Wilmington,2,2025-10,60109.61
R-0032,Wilmington,2,2025-11,74829.43
R-0032,Wilmington,2,2025-12,82720.42
R-0033,Wilmington,3,2025-07,59484.49
R-0033,Wilmington,3,2025-08,53296.05
R-0033,Wilmington,3,2025-09,41340.29
R-0033,Wilmington,3,2025-10,57620.73
R-0033,Wilmington,3,2025-11,51686.39
R-0033,Wilmington,3,2025-12,57064.21
R-0034,Raleigh,1,2025-07,52205.48
R-0034,Raleigh,1,2025-08,62256.84
R-0034,Raleigh,1,2025-09,57334.09
R-0034,Raleigh,1,2025-10,67349.43
R-0034,Raleigh,1,2025-11,47620.73
R-0034,Raleigh,1,2025-12,64151.5
R-0035,Greenville,5,2025-07,48927.06
R-0035,Greenville,5,2025-08,52661.97
R-0035,Greenville,5,2025-09,68932.28
R-0035,Greenville,5,2025-10,71693.94
R-0035,Greenville,5,2025-11,68744.48
R-0035,Greenville,5,2025-12,60159.79
R-0036,Asheville,4,2025-07,64702.73
R-0036,Asheville,4,2025-08,56753.63
R-0036,Asheville,4,2025-09,52724.12
R-0036,Asheville,4,2025-10,52876.94
R-0036,Asheville,4,2025-11,66026.11
R-0036,Asheville,4,2025-12,64596.84
R-0037,Charlotte,1,2025-07,66353.84
R-0037,Charlotte,1,2025-08,58843.23
R-0037,Charlotte,1,2025-09,60845.6
R-0037,Charlotte,1,2025-10,79462.2
R-0037,Charlotte,1,2025-11,64365.29
R-0037,Charlotte,1,2025-12,93045.38
R-0038,Raleigh,4,2025-07,39545.3
R-0038,Raleigh,4,2025-08,43508.09
R-0038,Raleigh,4,2025-09,40701.28
R-0038,Raleigh,4,2025-10,46466.92
R-0038,Raleigh,4,2025-11,45191.37
R-0038,Raleigh,4,2025-12,47400.18
R-0039,Greenville,2,2025-07,72575.12
R-0039,Greenville,2,2025-08,66265.63
R-0039,Greenville,2,2025-09,53779.78
R-0039,Greenville,2,2025-10,71655.27
R-0039,Greenville,2,2025-11,76304.06
R-0039,Greenville,2,2025-12,60193.07
R-0040,Wilmington,4,2025-07,46577.99
R-0040,Wilmington,4,2025-08,77703.94
R-0040,Wilmington,4,2025-09,56849.7
R-0040,Wilmington,4,2025-10,80267.04
R-0040,Wilmington,4,2025-11,64913.13
R-0040,Wilmington,4,2025-12,81526.98
R-0041,Greenville,4,2025-07,47003.04
R-0041,Greenville,4,2025-08,54530.88
R-0041,Greenville,4,2025-09,51280.06
R-0041,Greenville,4,2025-10,63197.9
R-0041,Greenville,4,2025-11,61311.3
R-0041,Greenville,4,2025-12,70449.28
R-0042,Winston-Salem,4,2025-07,56738.37
R-0042,Winston-Salem,4,2025-08,79983.14
R-0042,Winston-Salem,4,2025-09,67658.39
R-0042,Winston-Salem,4,2025-10,67638.14
R-0042,Winston-Salem,4,2025-11,83846.91
R-0042,Winston-Salem,4,2025-12,96141.5
R-0043,Wilmington,4,2025-07,36644.8
R-0043,Wilmington,4,2025-08,43040.86
R-0043,Wilmington,4,2025-09,50457.95
R-0043,Wilmington,4,2025-10,54466.34
R-0043,Wilmington,4,2025-11,43426.85
R-0043,Wilmington,4,2025-12,53147.85
R-0044,Winston-Salem,3,2025-07,61835.23
R-0044,Winston-Salem,3,2025-08,56178.24
R-0044,Winston-Salem,3,2025-09,71420.67
R-0044,Winston-Salem,3,2025-10,58581.69
R-0044,Winston-Salem,3,2025-11,80753.19
R-0044,Winston-Salem,3,2025-12,91050.83
R-0045,Greenville,3,2025-07,59934.1
R-0045,Greenville,3,2025-08,51219.97
R-0045,Greenville,3,2025-09,60619.54
R-0045,Greenville,3,2025-10,77711.51
R-0045,Greenville,3,2025-11,62850.35
R-0045,Greenville,3,2025-12,73630.89
R-0046,Durham,4,2025-07,44560.63
R-0046,Durham,4,2025-08,49699.86
R-0046,Durham,4,2025-09,71460.29
R-0046,Durham,4,2025-10,52820.06
R-0046,Durham,4,2025-11,70261.06
R-0046,Durham,4,2025-12,59820.19
R-0047,Wilmington,2,2025-07,44776.35
R-0047,Wilmington,2,2025-08,43682.44
R-0047,Wilmington,2,2025-09,42067.54
R-0047,Wilmington,2,2025-10,41153.45
R-0047,Wilmington,2,2025-11,33905.11
R-0047,Wilmington,2,2025-12,37098.65
R-0048,Durham,3,2025-07,69950.85
R-0048,Durham,3,2025-08,67808.31
R-0048,Durham,3,2025-09,51649.04
R-0048,Durham,3,2025-10,73747.5
R-0048,Durham,3,2025-11,73292.5
R-0048,Durham,3,2025-12,73975.56
R-0049,Asheville,2,2025-07,30853.68
R-0049,Asheville,2,2025-08,27763.32
R-0049,Asheville,2,2025-09,40464.85
R-0049,Asheville,2,2025-10,32281.1
R-0049,Asheville,2,2025-11,47199.39
R-0049,Asheville,2,2025-12,34219.53
R-0050,Greenville,5,2025-07,45986.11
R-0050,Greenville,5,2025-08,71065.94
R-0050,Greenville,5,2025-09,56406.47
R-0050,Greenville,5,2025-10,66541.92
R-0050,Greenville,5,2025-11,50391.85
R-0050,Greenville,5,2025-12,53218.31
R-0051,Winston-Salem,3,2025-07,69971.98
R-0051,Winston-Salem,3,2025-08,70295.24
R-0051,Winston-Salem,3,2025-09,51759.06
R-0051,Winston-Salem,3,2025-10,84288.23
R-0051,Winston-Salem,3,2025-11,88229.06
R-0051,Winston-Salem,3,2025-12,90303.92
R-0052,Durham,3,2025-07,61482.75
R-0052,Durham,3,2025-08,61982.81
R-0052,Durham,3,2025-09,54866.9
R-0052,Durham,3,2025-10,67958.98
R-0052,Durham,3,2025-11,50953.75
R-0052,Durham,3,2025-12,64376.44
R-0053,Greenville,3,2025-07,79058.7
R-0053,Greenville,3,2025-08,80784.04
R-0053,Greenville,3,2025-09,74352.11
R-0053,Greenville,3,2025-10,105987.05
R-0053,Greenville,3,2025-11,110705.54
R-0053,Greenville,3,2025-12,95697.48
R-0054,Raleigh,4,2025-07,51313.35
R-0054,Raleigh,4,2025-08,42468.52
R-0054,Raleigh,4,2025-09,57768.5
R-0054,Raleigh,4,2025-10,55515.61
R-0054,Raleigh,4,2025-11,70915.09
R-0054,Raleigh,4,2025-12,68975.85
R-0055,Raleigh,3,2025-07,56377.07
R-0055,Raleigh,3,2025-08,66198.79
R-0055,Raleigh,3,2025-09,66746.11
R-0055,Raleigh,3,2025-10,56657.47
R-0055,Raleigh,3,2025-11,67879.9
R-0055,Raleigh,3,2025-12,65913.79
R-0056,Durham,1,2025-07,34133.34
R-0056,Durham,1,2025-08,40538.03
R-0056,Durham,1,2025-09,56353.88
R-0056,Durham,1,2025-10,56816.39
R-0056,Durham,1,2025-11,46050.64
R-0056,Durham,1,2025-12,55858.33
R-0057,Winston-Salem,5,2025-07,30852.91
R-0057,Winston-Salem,5,2025-08,33788.27
R-0057,Winston-Salem,5,2025-09,37724.41
R-0057,Winston-Salem,5,2025-10,32595.38
R-0057,Winston-Salem,5,2025-11,40182.45
R-0057,Winston-Salem,5,2025-12,33151.49
R-0058,Raleigh,4,2025-07,31338.89
R-0058,Raleigh,4,2025-08,29407.74
R-0058,Raleigh,4,2025-09,27299.92
R-0058,Raleigh,4,2025-10,33504.35
R-0058,Raleigh,4,2025-11,34519.75
R-0058,Raleigh,4,2025-12,32131.36
R-0059,Asheville,5,2025-07,41556.91
R-0059,Asheville,5,2025-08,56060.75
R-0059,Asheville,5,2025-09,42280.84
R-0059,Asheville,5,2025-10,45737.39
R-0059,Asheville,5,2025-11,53674.8
R-0059,Asheville,5,2025-12,74774.64
R-0060,Charlotte,5,2025-07,48368.61
R-0060,Charlotte,5,2025-08,53600.37
R-0060,Charlotte,5,2025-09,48351.14
R-0060,Charlotte,5,2025-10,52823.05
R-0060,Charlotte,5,2025-11,47093.8
R-0060,Charlotte,5,2025-12,47639.63
R-0061,Raleigh,2,2025-07,34102.01
R-0061,Raleigh,2,2025-08,40262.58
R-0061,Raleigh,2,2025-09,35054.02
R-0061,Raleigh,2,2025-10,44354.88
R-0061,Raleigh,2,2025-11,51448.88
R-0061,Raleigh,2,2025-12,37104.36
R-0062,Greensboro,5,2025-07,49628.76
R-0062,Greensboro,5,2025-08,56328.08
R-0062,Greensboro,5,2025-09,55397.12
R-0062,Greensboro,5,2025-10,63856.71
R-0062,Greensboro,5,2025-11,62479.48
R-0062,Greensboro,5,2025-12,66759.85
R-0063,Greenville,2,2025-07,51925.81
R-0063,Greenville,2,2025-08,41585.01
R-0063,Greenville,2,2025-09,53013.05
R-0063,Greenville,2,2025-10,49202.77
R-0063,Greenville,2,2025-11,66351.04
R-0063,Greenville,2,2025-12,59573.29
R-0064,Wilmington,2,2025-07,50064.41
R-0064,Wilmington,2,2025-08,47583.48
R-0064,Wilmington,2,2025-09,48778.59
R-0064,Wilmington,2,2025-10,51805.01
R-0064,Wilmington,2,2025-11,39562.56
R-0064,Wilmington,2,2025-12,39390.49
R-0065,Greensboro,2,2025-07,24857.81
R-0065,Greensboro,2,2025-08,25214.14
R-0065,Greensboro,2,2025-09,28585.43
R-0065,Greensboro,2,2025-10,24694.3
R-0065,Greensboro,2,2025-11,21066.79
R-0065,Greensboro,2,2025-12,21615.91
R-0066,Greenville,5,2025-07,60949.07
R-0066,Greenville,5,2025-08,67890.66
R-0066,Greenville,5,2025-09,61117.72
R-0066,Greenville,5,2025-10,70201.93
R-0066,Greenville,5,2025-11,47543.36
R-0066,Greenville,5,2025-12,76866.72
R-0067,Asheville,3,2025-07,46130.89
R-0067,Asheville,3,2025-08,41555.23
R-0067,Asheville,3,2025-09,59249.03
R-0067,Asheville,3,2025-10,46799.84
R-0067,Asheville,3,2025-11,48449.86
R-0067,Asheville,3,2025-12,57355.49
R-0068,Raleigh,2,2025-07,31068.31
R-0068,Raleigh,2,2025-08,36033.07
R-0068,Raleigh,2,2025-09,50616.11
R-0068,Raleigh,2,2025-10,40026.85
R-0068,Raleigh,2,2025-11,45622.37
R-0068,Raleigh,2,2025-12,51141.45
R-0069,Raleigh,5,2025-07,41643.69
R-0069,Raleigh,5,2025-08,54155.61
R-0069,Raleigh,5,2025-09,47206.08
R-0069,Raleigh,5,2025-10,36760.97
R-0069,Raleigh,5,2025-11,55170.34
R-0069,Raleigh,5,2025-12,51918.98
R-0070,Asheville,1,2025-07,44663.71
R-0070,Asheville,1,2025-08,55042.17
R-0070,Asheville,1,2025-09,67693.61
R-0070,Asheville,1,2025-10,68589.56
R-0070,Asheville,1,2025-11,47427.11
R-0070,Asheville,1,2025-12,67524.02
R-0071,Wilmington,5,2025-07,91352.67
R-0071,Wilmington,5,2025-08,80725.07
R-0071,Wilmington,5,2025-09,96598.35
R-0071,Wilmington,5,2025-10,66585.82
R-0071,Wilmington,5,2025-11,78695.89
R-0071,Wilmington,5,2025-12,76310.42
R-0072,Charlotte,4,2025-07,26838.25
R-0072,Charlotte,4,2025-08,27949.64
R-0072,Charlotte,4,2025-09,30557.99
R-0072,Charlotte,4,2025-10,25658.35
R-0072,Charlotte,4,2025-11,36306.77
R-0072,Charlotte,4,2025-12,35651.5
R-0073,Fayetteville,1,2025-07,72053.58
R-0073,Fayetteville,1,2025-08,68854.55
R-0073,Fayetteville,1,2025-09,50712.31
R-0073,Fayetteville,1,2025-10,60646.29
R-0073,Fayetteville,1,2025-11,57968.26
R-0073,Fayetteville,1,2025-12,78241.95
R-0074,Greensboro,4,2025-07,80840.34
R-0074,Greensboro,4,2025-08,74895.21
R-0074,Greensboro,4,2025-09,54332.51
R-0074,Greensboro,4,2025-10,66284.84
R-0074,Greensboro,4,2025-11,72083.35
R-0074,Greensboro,4,2025-12,71375.42
R-0075,Wilmington,5,2025-07,19978.36
R-0075,Wilmington,5,2025-08,20933.4
R-0075,Wilmington,5,2025-09,27224.7
R-0075,Wilmington,5,2025-10,32498.57
R-0075,Wilmington,5,2025-11,31846.1
R-0075,Wilmington,5,2025-12,34679.19
R-0076,Raleigh,4,2025-07,36776.1
R-0076,Raleigh,4,2025-08,48790.95
R-0076,Raleigh,4,2025-09,54662.69
R-0076,Raleigh,4,2025-10,56415.62
R-0076,Raleigh,4,2025-11,39619.98
R-0076,Raleigh,4,2025-12,46040.72
R-0077,Raleigh,2,2025-07,36245.71
R-0077,Raleigh,2,2025-08,46908.98
R-0077,Raleigh,2,2025-09,56224.01
R-0077,Raleigh,2,2025-10,49261.86
R-0077,Raleigh,2,2025-11,53455.05
R-0077,Raleigh,2,2025-12,54838.04
R-0078,Asheville,3,2025-07,37550.45
R-0078,Asheville,3,2025-08,50237.52
R-0078,Asheville,3,2025-09,41250.88
R-0078,Asheville,3,2025-10,48442.43
R-0078,Asheville,3,2025-11,45952.75
R-0078,Asheville,3,2025-12,44390.3
R-0079,Asheville,1,2025-07,57739.61
R-0079,Asheville,1,2025-08,67420.59
R-0079,Asheville,1,2025-09,76965.91
R-0079,Asheville,1,2025-10,67325.67
R-0079,Asheville,1,2025-11,69500.88
R-0079,Asheville,1,2025-12,71824.04
R-0080,Raleigh,3,2025-07,51133.62
R-0080,Raleigh,3,2025-08,44778.14
R-0080,Raleigh,3,2025-09,39008.89
R-0080,Raleigh,3,2025-10,43212.56
R-0080,Raleigh,3,2025-11,43655.27
R-0080,Raleigh,3,2025-12,38149.8
R-0081,Wilmington,3,2025-07,52843.82
R-0081,Wilmington,3,2025-08,55588.18
R-0081,Wilmington,3,2025-09,60942.47
R-0081,Wilmington,3,2025-10,52640.79
R-0081,Wilmington,3,2025-11,64372.1
R-0081,Wilmington,3,2025-12,80918.2
R-0082,Charlotte,3,2025-07,55745.5
R-0082,Charlotte,3,2025-08,44903.61
R-0082,Charlotte,3,2025-09,60681.17
R-0082,Charlotte,3,2025-10,64225.9
R-0082,Charlotte,3,2025-11,47758.56
R-0082,Charlotte,3,2025-12,55294.5
R-0083,Charlotte,3,2025-07,45220.33
R-0083,Charlotte,3,2025-08,44990.44
R-0083,Charlotte,3,2025-09,33936.62
R-0083,Charlotte,3,2025-10,35379.75
R-0083,Charlotte,3,2025-11,53030.03
R-0083,Charlotte,3,2025-12,42266.01
R-0084,Fayetteville,4,2025-07,62498.63
R-0084,Fayetteville,4,2025-08,52282.46
R-0084,Fayetteville,4,2025-09,50944.7
R-0084,Fayetteville,4,2025-10,62905.79
R-0084,Fayetteville,4,2025-11,70866.59
R-0084,Fayetteville,4,2025-12,72017.77
R-0085,Charlotte,3,2025-07,49917.99
R-0085,Charlotte,3,2025-08,46366.1
R-0085,Charlotte,3,2025-09,42672.6
R-0085,Charlotte,3,2025-10,46360.76
R-0085,Charlotte,3,2025-11,54855.72
R-0085,Charlotte,3,2025-12,51494.98
R-0086,Fayetteville,4,2025-07,46060.12
R-0086,Fayetteville,4,2025-08,33212.93
R-0086,Fayetteville,4,2025-09,46691.45
R-0086,Fayetteville,4,2025-10,47557.88
R-0086,Fayetteville,4,2025-11,46976.13
R-0086,Fayetteville,4,2025-12,50748.09
R-0087,Charlotte,1,2025-07,47955.67
R-0087,Charlotte,1,2025-08,48223.46
R-0087,Charlotte,1,2025-09,57950.28
R-0087,Charlotte,1,2025-10,45975.47
R-0087,Charlotte,1,2025-11,68511.84
R-0087,Charlotte,1,2025-12,67832.66
R-0088,Wilmington,2,2025-07,44670.91
R-0088,Wilmington,2,2025-08,46123.43
R-0088,Wilmington,2,2025-09,40224.81
R-0088,Wilmington,2,2025-10,51647.29
R-0088,Wilmington,2,2025-11,39450.56
R-0088,Wilmington,2,2025-12,47099.06
R-0089,Raleigh,1,2025-07,54687.68
R-0089,Raleigh,1,2025-08,84326.87
R-0089,Raleigh,1,2025-09,70078.23
R-0089,Raleigh,1,2025-10,65116.06
R-0089,Raleigh,1,2025-11,68418.41
R-0089,Raleigh,1,2025-12,62709.88
R-0090,Raleigh,5,2025-07,17279.14
R-0090,Raleigh,5,2025-08,20277.61
R-0090,Raleigh,5,2025-09,23757.88
R-0090,Raleigh,5,2025-10,20250.32
R-0090,Raleigh,5,2025-11,22777.21
R-0090,Raleigh,5,2025-12,25252.51
R-0091,Wilmington,5,2025-07,46739.14
R-0091,Wilmington,5,2025-08,41754.23
R-0091,Wilmington,5,2025-09,46496.92
R-0091,Wilmington,5,2025-10,65955.51
R-0091,Wilmington,5,2025-11,54503.39
R-0091,Wilmington,5,2025-12,67913.94
R-0092,Charlotte,4,2025-07,59306.33
R-0092,Charlotte,4,2025-08,56414.95
R-0092,Charlotte,4,2025-09,69902.2
R-0092,Charlotte,4,2025-10,74859.33
R-0092,Charlotte,4,2025-11,61182.09
R-0092,Charlotte,4,2025-12,63086.04
R-0093,Greensboro,5,2025-07,48661.6
R-0093,Greensboro,5,2025-08,34400.05
R-0093,Greensboro,5,2025-09,49910.35
R-0093,Greensboro,5,2025-10,44741.75
R-0093,Greensboro,5,2025-11,48731.42
R-0093,Greensboro,5,2025-12,51193.37
R-0094,Fayetteville,4,2025-07,45404.57
R-0094,Fayetteville,4,2025-08,57260.43
R-0094,Fayetteville,4,2025-09,41253.11
R-0094,Fayetteville,4,2025-10,62252.71
R-0094,Fayetteville,4,2025-11,54577.38
R-0094,Fayetteville,4,2025-12,60087.67
R-0095,Charlotte,1,2025-07,38872.26
R-0095,Charlotte,1,2025-08,38256.02
R-0095,Charlotte,1,2025-09,35432.8
R-0095,Charlotte,1,2025-10,34768.92
R-0095,Charlotte,1,2025-11,36458.94
R-0095,Charlotte,1,2025-12,44510.31
R-0096,Wilmington,3,2025-07,50152.17
R-0096,Wilmington,3,2025-08,67639.56
R-0096,Wilmington,3,2025-09,49023.35
R-0096,Wilmington,3,2025-10,56424.04
R-0096,Wilmington,3,2025-11,50749.57
R-0096,Wilmington,3,2025-12,65456.32
R-0097,Wilmington,5,2025-07,55915.59
R-0097,Wilmington,5,2025-08,59580.85
R-0097,Wilmington,5,2025-09,53194.86
R-0097,Wilmington,5,2025-10,73760.43
R-0097,Wilmington,5,2025-11,61875.91
R-0097,Wilmington,5,2025-12,71374.62
R-0098,Durham,2,2025-07,39188.23
R-0098,Durham,2,2025-08,52255.55
R-0098,Durham,2,2025-09,48146.39
R-0098,Durham,2,2025-10,57894.47
R-0098,Durham,2,2025-11,58705.71
R-0098,Durham,2,2025-12,52182.47
R-0099,Asheville,3,2025-07,67233.88
R-0099,Asheville,3,2025-08,55917.34
R-0099,Asheville,3,2025-09,60740.0
R-0099,Asheville,3,2025-10,81047.12
R-0099,Asheville,3,2025-11,54992.67
R-0099,Asheville,3,2025-12,84729.59
R-0100,Raleigh,4,2025-07,62538.37
R-0100,Raleigh,4,2025-08,59019.23
R-0100,Raleigh,4,2025-09,71589.09
R-0100,Raleigh,4,2025-10,52328.19
R-0100,Raleigh,4,2025-11,69356.88
R-0100,Raleigh,4,2025-12,65596.92
R-0101,Fayetteville,5,2025-07,63492.22
R-0101,Fayetteville,5,2025-08,68038.09
R-0101,Fayetteville,5,2025-09,68671.71
R-0101,Fayetteville,5,2025-10,83646.05
R-0101,Fayetteville,5,2025-11,69194.5
R-0101,Fayetteville,5,2025-12,72979.1
R-0102,Charlotte,2,2025-07,49788.21
R-0102,Charlotte,2,2025-08,33432.3
R-0102,Charlotte,2,2025-09,52299.97
R-0102,Charlotte,2,2025-10,34143.08
R-0102,Charlotte,2,2025-11,46762.75
R-0102,Charlotte,2,2025-12,51160.9
R-0103,Greenville,4,2025-07,37672.5
R-0103,Greenville,4,2025-08,37001.67
R-0103,Greenville,4,2025-09,39154.31
R-0103,Greenville,4,2025-10,51274.81
R-0103,Greenville,4,2025-11,52879.11
R-0103,Greenville,4,2025-12,48030.6
R-0104,Asheville,1,2025-07,51296.69
R-0104,Asheville,1,2025-08,37592.55
R-0104,Asheville,1,2025-09,49302.66
R-0104,Asheville,1,2025-10,41737.19
R-0104,Asheville,1,2025-11,58738.5
R-0104,Asheville,1,2025-12,51589.11
R-0105,Durham,4,2025-07,56862.98
R-0105,Durham,4,2025-08,78572.55
R-0105,Durham,4,2025-09,76191.49
R-0105,Durham,4,2025-10,79997.35
R-0105,Durham,4,2025-11,72244.4
R-0105,Durham,4,2025-12,70570.2
R-0106,Greenville,4,2025-07,45115.27
R-0106,Greenville,4,2025-08,55242.39
R-0106,Greenville,4,2025-09,46421.19
R-0106,Greenville,4,2025-10,62740.75
R-0106,Greenville,4,2025-11,44042.55
R-0106,Greenville,4,2025-12,45074.87
R-0107,Charlotte,2,2025-07,51991.69
R-0107,Charlotte,2,2025-08,58187.15
R-0107,Charlotte,2,2025-09,69907.91
R-0107,Charlotte,2,2025-10,59027.53
R-0107,Charlotte,2,2025-11,80431.63
R-0107,Charlotte,2,2025-12,84383.19
R-0108,Asheville,5,2025-07,63680.58
R-0108,Asheville,5,2025-08,54571.58
R-0108,Asheville,5,2025-09,53582.65
R-0108,Asheville,5,2025-10,60811.12
R-0108,Asheville,5,2025-11,51722.1
R-0108,Asheville,5,2025-12,46774.46
R-0109,Greenville,2,2025-07,49665.69
R-0109,Greenville,2,2025-08,74853.83
R-0109,Greenville,2,2025-09,56208.14
R-0109,Greenville,2,2025-10,67379.46
R-0109,Greenville,2,2025-11,78084.37
R-0109,Greenville,2,2025-12,67528.45
R-0110,Winston-Salem,5,2025-07,55502.12
R-0110,Winston-Salem,5,2025-08,41852.81
R-0110,Winston-Salem,5,2025-09,64765.46
R-0110,Winston-Salem,5,2025-10,50161.45
R-0110,Winston-Salem,5,2025-11,64365.06
R-0110,Winston-Salem,5,2025-12,69098.87
R-0111,Durham,3,2025-07,48277.16
R-0111,Durham,3,2025-08,50907.43
R-0111,Durham,3,2025-09,68226.47
R-0111,Durham,3,2025-10,50778.76
R-0111,Durham,3,2025-11,49925.05
R-0111,Durham,3,2025-12,71814.52
R-0112,Charlotte,5,2025-07,31119.83
R-0112,Charlotte,5,2025-08,28444.99
R-0112,Charlotte,5,2025-09,36745.42
R-0112,Charlotte,5,2025-10,33412.68
R-0112,Charlotte,5,2025-11,25008.31
R-0112,Charlotte,5,2025-12,35302.05
R-0113,Raleigh,2,2025-07,61958.82
R-0113,Raleigh,2,2025-08,47004.78
R-0113,Raleigh,2,2025-09,60379.48
R-0113,Raleigh,2,2025-10,66136.39
R-0113,Raleigh,2,2025-11,65245.82
R-0113,Raleigh,2,2025-12,58796.07
R-0114,Greensboro,3,2025-07,51304.95
R-0114,Greensboro,3,2025-08,45737.75
R-0114,Greensboro,3,2025-09,47839.9
R-0114,Greensboro,3,2025-10,48280.04
R-0114,Greensboro,3,2025-11,65670.11
R-0114,Greensboro,3,2025-12,56480.76
R-0115,Durham,5,2025-07,50249.93
R-0115,Durham,5,2025-08,48697.94
R-0115,Durham,5,2025-09,48927.32
R-0115,Durham,5,2025-10,66359.38
R-0115,Durham,5,2025-11,75017.18
R-0115,Durham,5,2025-12,71642.72
R-0116,Fayetteville,4,2025-07,45427.91
R-0116,Fayetteville,4,2025-08,40001.12
R-0116,Fayetteville,4,2025-09,61413.55
R-0116,Fayetteville,4,2025-10,64464.12
R-0116,Fayetteville,4,2025-11,60571.01
R-0116,Fayetteville,4,2025-12,44196.56
R-0117,Greensboro,3,2025-07,30451.13
R-0117,Greensboro,3,2025-08,26070.31
R-0117,Greensboro,3,2025-09,42788.62
R-0117,Greensboro,3,2025-10,27772.76
R-0117,Greensboro,3,2025-11,46300.25
R-0117,Greensboro,3,2025-12,44831.15
R-0118,Raleigh,5,2025-07,25577.3
R-0118,Raleigh,5,2025-08,31077.05
R-0118,Raleigh,5,2025-09,26787.54
R-0118,Raleigh,5,2025-10,33335.91
R-0118,Raleigh,5,2025-11,29108.41
R-0118,Raleigh,5,2025-12,26903.81
R-0119,Greensboro,4,2025-07,61541.36
R-0119,Greensboro,4,2025-08,76896.29
R-0119,Greensboro,4,2025-09,77397.66
R-0119,Greensboro,4,2025-10,58215.35
R-0119,Greensboro,4,2025-11,91636.33
R-0119,Greensboro,4,2025-12,79673.87
R-0120,Asheville,5,2025-07,44881.1
R-0120,Asheville,5,2025-08,44954.26
R-0120,Asheville,5,2025-09,45106.19
R-0120,Asheville,5,2025-10,67119.34
R-0120,Asheville,5,2025-11,53617.0
R-0120,Asheville,5,2025-12,60371.91
R-0121,Durham,5,2025-07,72853.5
R-0121,Durham,5,2025-08,47445.69
R-0121,Durham,5,2025-09,67591.5
R-0121,Durham,5,2025-10,59866.56
R-0121,Durham,5,2025-11,71589.05
R-0121,Durham,5,2025-12,58804.05
R-0122,Durham,1,2025-07,41708.84
R-0122,Durham,1,2025-08,46672.31
R-0122,Durham,1,2025-09,51987.24
R-0122,Durham,1,2025-10,54448.82
R-0122,Durham,1,2025-11,58362.4
R-0122,Durham,1,2025-12,48102.02
R-0123,Greenville,1,2025-07,69003.68
R-0123,Greenville,1,2025-08,54525.87
R-0123,Greenville,1,2025-09,67204.98
R-0123,Greenville,1,2025-10,72720.02
R-0123,Greenville,1,2025-11,74794.66
R-0123,Greenville,1,2025-12,79127.81
R-0124,Charlotte,1,2025-07,58025.61
R-0124,Charlotte,1,2025-08,51635.02
R-0124,Charlotte,1,2025-09,59319.0
R-0124,Charlotte,1,2025-10,61874.65
R-0124,Charlotte,1,2025-11,67482.39
R-0124,Charlotte,1,2025-12,51145.34
R-0125,Greensboro,5,2025-07,47818.86
R-0125,Greensboro,5,2025-08,43906.11
R-0125,Greensboro,5,2025-09,58931.54
R-0125,Greensboro,5,2025-10,61246.9
R-0125,Greensboro,5,2025-11,47551.38
R-0125,Greensboro,5,2025-12,42782.22
R-0126,Asheville,4,2025-07,54930.34
R-0126,Asheville,4,2025-08,59024.55
R-0126,Asheville,4,2025-09,57815.13
R-0126,Asheville,4,2025-10,62581.91
R-0126,Asheville,4,2025-11,64399.18
R-0126,Asheville,4,2025-12,80370.6
R-0127,Wilmington,5,2025-07,39654.79
R-0127,Wilmington,5,2025-08,38538.8
R-0127,Wilmington,5,2025-09,36453.44
R-0127,Wilmington,5,2025-10,42786.18
R-0127,Wilmington,5,2025-11,43424.26
R-0127,Wilmington,5,2025-12,40733.66
R-0128,Charlotte,3,2025-07,34049.69
R-0128,Charlotte,3,2025-08,31838.23
R-0128,Charlotte,3,2025-09,34808.57
R-0128,Charlotte,3,2025-10,26600.9
R-0128,Charlotte,3,2025-11,40889.87
R-0128,Charlotte,3,2025-12,32368.11
R-0129,Wilmington,2,2025-07,80859.45
R-0129,Wilmington,2,2025-08,85291.59
R-0129,Wilmington,2,2025-09,53507.74
R-0129,Wilmington,2,2025-10,83386.81
R-0129,Wilmington,2,2025-11,78891.3
R-0129,Wilmington,2,2025-12,82094.57
R-0130,Greenville,2,2025-07,35838.29
R-0130,Greenville,2,2025-08,54176.05
R-0130,Greenville,2,2025-09,52800.62
R-0130,Greenville,2,2025-10,53163.15
R-0130,Greenville,2,2025-11,42651.89
R-0130,Greenville,2,2025-12,45778.7
R-0131,Fayetteville,3,2025-07,60921.63
R-0131,Fayetteville,3,2025-08,52739.58
R-0131,Fayetteville,3,2025-09,58694.3
R-0131,Fayetteville,3,2025-10,71563.41
R-0131,Fayetteville,3,2025-11,57019.33
R-0131,Fayetteville,3,2025-12,73910.24
R-0132,Greenville,5,2025-07,69663.72
R-0132,Greenville,5,2025-08,63958.67
R-0132,Greenville,5,2025-09,73390.3
R-0132,Greenville,5,2025-10,70795.45
R-0132,Greenville,5,2025-11,60842.48
R-0132,Greenville,5,2025-12,61575.26
R-0133,Durham,4,2025-07,89936.93
R-0133,Durham,4,2025-08,77480.68
R-0133,Durham,4,2025-09,88558.09
R-0133,Durham,4,2025-10,93765.14
R-0133,Durham,4,2025-11,62255.7
R-0133,Durham,4,2025-12,76196.66
R-0134,Greenville,2,2025-07,61985.96
R-0134,Greenville,2,2025-08,53726.65
R-0134,Greenville,2,2025-09,62300.91
R-0134,Greenville,2,2025-10,65895.32
R-0134,Greenville,2,2025-11,57851.37
R-0134,Greenville,2,2025-12,59681.67
R-0135,Greenville,1,2025-07,42125.01
R-0135,Greenville,1,2025-08,40752.74
R-0135,Greenville,1,2025-09,31764.46
R-0135,Greenville,1,2025-10,45131.3
R-0135,Greenville,1,2025-11,39976.94
R-0135,Greenville,1,2025-12,32387.29
R-0136,Charlotte,1,2025-07,66986.45
R-0136,Charlotte,1,2025-08,59582.0
R-0136,Charlotte,1,2025-09,56920.19
R-0136,Charlotte,1,2025-10,61090.53
R-0136,Charlotte,1,2025-11,62981.62
R-0136,Charlotte,1,2025-12,78893.31
R-0137,Durham,5,2025-07,34189.01
R-0137,Durham,5,2025-08,38398.03
R-0137,Durham,5,2025-09,35150.93
R-0137,Durham,5,2025-10,40601.7
R-0137,Durham,5,2025-11,48942.36
R-0137,Durham,5,2025-12,52348.99
R-0138,Wilmington,5,2025-07,63791.33
R-0138,Wilmington,5,2025-08,55807.21
R-0138,Wilmington,5,2025-09,66690.07
R-0138,Wilmington,5,2025-10,48204.17
R-0138,Wilmington,5,2025-11,59804.34
R-0138,Wilmington,5,2025-12,55504.57
R-0139,Durham,4,2025-07,70165.9
R-0139,Durham,4,2025-08,71621.85
R-0139,Durham,4,2025-09,80053.5
R-0139,Durham,4,2025-10,80742.11
R-0139,Durham,4,2025-11,64040.93
R-0139,Durham,4,2025-12,70594.94
R-0140,Wilmington,1,2025-07,57436.61
R-0140,Wilmington,1,2025-08,46881.5
R-0140,Wilmington,1,2025-09,60244.29
R-0140,Wilmington,1,2025-10,51649.46
R-0140,Wilmington,1,2025-11,65972.27
R-0140,Wilmington,1,2025-12,70817.83
R-0141,Charlotte,3,2025-07,55021.52
R-0141,Charlotte,3,2025-08,64221.54
R-0141,Charlotte,3,2025-09,48072.5
R-0141,Charlotte,3,2025-10,76126.76
R-0141,Charlotte,3,2025-11,65214.14
R-0141,Charlotte,3,2025-12,50180.66
R-0142,Winston-Salem,4,2025-07,54767.8
R-0142,Winston-Salem,4,2025-08,44590.76
R-0142,Winston-Salem,4,2025-09,37047.03
R-0142,Winston-Salem,4,2025-10,50644.66
R-0142,Winston-Salem,4,2025-11,46146.13
R-0142,Winston-Salem,4,2025-12,41996.26
R-0143,Wilmington,4,2025-07,47903.88
R-0143,Wilmington,4,2025-08,49219.06
R-0143,Wilmington,4,2025-09,38778.31
R-0143,Wilmington,4,2025-10,40146.42
R-0143,Wilmington,4,2025-11,51851.07
R-0143,Wilmington,4,2025-12,39602.37
R-0144,Durham,3,2025-07,31379.73
R-0144,Durham,3,2025-08,27601.33
R-0144,Durham,3,2025-09,32714.1
R-0144,Durham,3,2025-10,22883.54
R-0144,Durham,3,2025-11,21979.46
R-0144,Durham,3,2025-12,24694.65
R-0145,Greensboro,3,2025-07,36951.95
R-0145,Greensboro,3,2025-08,36414.38
R-0145,Greensboro,3,2025-09,42013.88
R-0145,Greensboro,3,2025-10,45868.94
R-0145,Greensboro,3,2025-11,36870.75
R-0145,Greensboro,3,2025-12,52686.46
R-0146,Durham,2,2025-07,56714.53
R-0146,Durham,2,2025-08,38732.81
R-0146,Durham,2,2025-09,38853.29
R-0146,Durham,2,2025-10,46484.33
R-0146,Durham,2,2025-11,47513.23
R-0146,Durham,2,2025-12,45119.22
R-0147,Fayetteville,1,2025-07,57409.4
R-0147,Fayetteville,1,2025-08,62639.37
R-0147,Fayetteville,1,2025-09,77025.76
R-0147,Fayetteville,1,2025-10,81375.68
R-0147,Fayetteville,1,2025-11,66964.49
R-0147,Fayetteville,1,2025-12,68446.34
R-0148,Asheville,2,2025-07,38780.99
R-0148,Asheville,2,2025-08,49088.99
R-0148,Asheville,2,2025-09,43734.51
R-0148,Asheville,2,2025-10,51875.57
R-0148,Asheville,2,2025-11,42866.71
R-0148,Asheville,2,2025-12,60520.94
R-0149,Fayetteville,1,2025-07,62542.36
R-0149,Fayetteville,1,2025-08,65791.38
R-0149,Fayetteville,1,2025-09,57415.45
R-0149,Fayetteville,1,2025-10,58920.94
R-0149,Fayetteville,1,2025-11,55212.41
R-0149,Fayetteville,1,2025-12,86035.63
R-0150,Greenville,3,2025-07,56774.0
R-0150,Greenville,3,2025-08,57758.39
R-0150,Greenville,3,2025-09,54198.15
R-0150,Greenville,3,2025-10,58254.24
R-0150,Greenville,3,2025-11,52279.51
R-0150,Greenville,3,2025-12,78221.52
R-0151,Charlotte,1,2025-07,32013.7
R-0151,Charlotte,1,2025-08,44694.61
R-0151,Charlotte,1,2025-09,53554.34
R-0151,Charlotte,1,2025-10,47421.87
R-0151,Charlotte,1,2025-11,50647.85
R-0151,Charlotte,1,2025-12,56340.36
R-0152,Charlotte,2,2025-07,42588.44
R-0152,Charlotte,2,2025-08,36044.84
R-0152,Charlotte,2,2025-09,36069.75
R-0152,Charlotte,2,2025-10,37297.56
R-0152,Charlotte,2,2025-11,39229.24
R-0152,Charlotte,2,2025-12,47316.54
R-0153,Raleigh,2,2025-07,69141.45
R-0153,Raleigh,2,2025-08,61439.16
R-0153,Raleigh,2,2025-09,64921.58
R-0153,Raleigh,2,2025-10,74433.79
R-0153,Raleigh,2,2025-11,62147.67
R-0153,Raleigh,2,2025-12,61734.86
R-0154,Asheville,1,2025-07,99937.96
R-0154,Asheville,1,2025-08,102536.38
R-0154,Asheville,1,2025-09,77083.6
R-0154,Asheville,1,2025-10,106440.77
R-0154,Asheville,1,2025-11,68259.49
R-0154,Asheville,1,2025-12,92730.75
R-0155,Durham,3,2025-07,63024.17
R-0155,Durham,3,2025-08,72585.76
R-0155,Durham,3,2025-09,59561.97
R-0155,Durham,3,2025-10,57343.47
R-0155,Durham,3,2025-11,71947.71
R-0155,Durham,3,2025-12,84371.08
R-0156,Wilmington,1,2025-07,45585.16
R-0156,Wilmington,1,2025-08,61883.99
R-0156,Wilmington,1,2025-09,44251.71
R-0156,Wilmington,1,2025-10,54570.12
R-0156,Wilmington,1,2025-11,65650.57
R-0156,Wilmington,1,2025-12,48107.46
R-0157,Fayetteville,5,2025-07,48087.72
R-0157,Fayetteville,5,2025-08,46697.01
R-0157,Fayetteville,5,2025-09,37040.0
R-0157,Fayetteville,5,2025-10,35984.83
R-0157,Fayetteville,5,2025-11,45775.57
R-0157,Fayetteville,5,2025-12,42353.73
R-0158,Charlotte,4,2025-07,67840.09
R-0158,Charlotte,4,2025-08,72301.43
R-0158,Charlotte,4,2025-09,53139.08
R-0158,Charlotte,4,2025-10,79846.37
R-0158,Charlotte,4,2025-11,54667.5
R-0158,Charlotte,4,2025-12,63699.55
R-0159,Asheville,4,2025-07,44473.24
R-0159,Asheville,4,2025-08,46162.49
R-0159,Asheville,4,2025-09,45350.69
R-0159,Asheville,4,2025-10,60589.71
R-0159,Asheville,4,2025-11,60532.94
R-0159,Asheville,4,2025-12,63357.95
R-0160,Wilmington,2,2025-07,54883.42
R-0160,Wilmington,2,2025-08,61966.39
R-0160,Wilmington,2,2025-09,40360.01
R-0160,Wilmington,2,2025-10,56509.13
R-0160,Wilmington,2,2025-11,68247.15
R-0160,Wilmington,2,2025-12,68776.95
R-0161,Winston-Salem,2,2025-07,47335.37
R-0161,Winston-Salem,2,2025-08,43326.24
R-0161,Winston-Salem,2,2025-09,33551.36
R-0161,Winston-Salem,2,2025-10,42921.48
R-0161,Winston-Salem,2,2025-11,51623.35
R-0161,Winston-Salem,2,2025-12,49246.35
R-0162,Winston-Salem,4,2025-07,66333.5
R-0162,Winston-Salem,4,2025-08,73674.31
R-0162,Winston-Salem,4,2025-09,54733.82
R-0162,Winston-Salem,4,2025-10,59469.13
R-0162,Winston-Salem,4,2025-11,71607.81
R-0162,Winston-Salem,4,2025-12,79068.4
R-0163,Greensboro,5,2025-07,68761.4
R-0163,Greensboro,5,2025-08,70896.16
R-0163,Greensboro,5,2025-09,75214.41
R-0163,Greensboro,5,2025-10,53368.22
R-0163,Greensboro,5,2025-11,64988.01
R-0163,Greensboro,5,2025-12,64183.63
R-0164,Wilmington,2,2025-07,95138.28
R-0164,Wilmington,2,2025-08,94198.33
R-0164,Wilmington,2,2025-09,70083.24
R-0164,Wilmington,2,2025-10,90212.86
R-0164,Wilmington,2,2025-11,99647.16
R-0164,Wilmington,2,2025-12,104782.57
R-0165,Fayetteville,5,2025-07,71522.04
R-0165,Fayetteville,5,2025-08,52325.64
R-0165,Fayetteville,5,2025-09,53006.98
R-0165,Fayetteville,5,2025-10,49904.0
R-0165,Fayetteville,5,2025-11,52347.52
R-0165,Fayetteville,5,2025-12,77650.12
R-0166,Durham,3,2025-07,64184.2
R-0166,Durham,3,2025-08,64795.74
R-0166,Durham,3,2025-09,52424.54
R-0166,Durham,3,2025-10,55609.79
R-0166,Durham,3,2025-11,58136.13
R-0166,Durham,3,2025-12,54886.6
R-0167,Asheville,3,2025-07,46362.18
R-0167,Asheville,3,2025-08,48458.8
R-0167,Asheville,3,2025-09,40328.86
R-0167,Asheville,3,2025-10,52328.01
R-0167,Asheville,3,2025-11,56357.02
R-0167,Asheville,3,2025-12,50292.38
R-0168,Wilmington,4,2025-07,51775.11
R-0168,Wilmington,4,2025-08,77804.67
R-0168,Wilmington,4,2025-09,76183.49
R-0168,Wilmington,4,2025-10,57184.26
R-0168,Wilmington,4,2025-11,80851.58
R-0168,Wilmington,4,2025-12,54451.55
R-0169,Raleigh,1,2025-07,36768.28
R-0169,Raleigh,1,2025-08,38460.89
R-0169,Raleigh,1,2025-09,40179.82
R-0169,Raleigh,1,2025-10,48066.66
R-0169,Raleigh,1,2025-11,50862.96
R-0169,Raleigh,1,2025-12,40467.79
R-0170,Fayetteville,4,2025-07,85783.91
R-0170,Fayetteville,4,2025-08,92094.41
R-0170,Fayetteville,4,2025-09,69019.87
R-0170,Fayetteville,4,2025-10,70412.61
R-0170,Fayetteville,4,2025-11,83191.46
R-0170,Fayetteville,4,2025-12,98385.99
R-0171,Asheville,4,2025-07,51311.63
R-0171,Asheville,4,2025-08,82255.34
R-0171,Asheville,4,2025-09,63031.29
R-0171,Asheville,4,2025-10,60572.41
R-0171,Asheville,4,2025-11,79083.04
R-0171,Asheville,4,2025-12,89443.26
R-0172,Durham,1,2025-07,96546.81
R-0172,Durham,1,2025-08,81740.5
R-0172,Durham,1,2025-09,102424.46
R-0172,Durham,1,2025-10,67952.61
R-0172,Durham,1,2025-11,93503.27
R-0172,Durham,1,2025-12,78110.78
R-0173,Charlotte,2,2025-07,50270.24
R-0173,Charlotte,2,2025-08,68420.09
R-0173,Charlotte,2,2025-09,51521.31
R-0173,Charlotte,2,2025-10,51215.59
R-0173,Charlotte,2,2025-11,75783.86
R-0173,Charlotte,2,2025-12,48058.93
R-0174,Fayetteville,3,2025-07,52542.06
R-0174,Fayetteville,3,2025-08,41995.0
R-0174,Fayetteville,3,2025-09,38228.87
R-0174,Fayetteville,3,2025-10,50715.62
R-0174,Fayetteville,3,2025-11,47706.14
R-0174,Fayetteville,3,2025-12,60857.21
R-0175,Winston-Salem,2,2025-07,69970.44
R-0175,Winston-Salem,2,2025-08,75682.91
R-0175,Winston-Salem,2,2025-09,60638.89
R-0175,Winston-Salem,2,2025-10,59021.45
R-0175,Winston-Salem,2,2025-11,78837.77
R-0175,Winston-Salem,2,2025-12,74046.38
R-0176,Fayetteville,2,2025-07,51983.74
R-0176,Fayetteville,2,2025-08,67316.87
R-0176,Fayetteville,2,2025-09,56693.13
R-0176,Fayetteville,2,2025-10,66311.74
R-0176,Fayetteville,2,2025-11,65928.18
R-0176,Fayetteville,2,2025-12,73502.96
R-0177,Raleigh,4,2025-07,46611.87
R-0177,Raleigh,4,2025-08,46433.79
R-0177,Raleigh,4,2025-09,50178.15
R-0177,Raleigh,4,2025-10,48575.06
R-0177,Raleigh,4,2025-11,44131.85
R-0177,Raleigh,4,2025-12,52915.89
R-0178,Raleigh,3,2025-07,27785.67
R-0178,Raleigh,3,2025-08,23295.04
R-0178,Raleigh,3,2025-09,21425.66
R-0178,Raleigh,3,2025-10,27530.67
R-0178,Raleigh,3,2025-11,28341.21
R-0178,Raleigh,3,2025-12,20709.7
R-0179,Wilmington,1,2025-07,70090.9
R-0179,Wilmington,1,2025-08,47938.52
R-0179,Wilmington,1,2025-09,51608.16
R-0179,Wilmington,1,2025-10,55173.15
R-0179,Wilmington,1,2025-11,54913.48
R-0179,Wilmington,1,2025-12,53528.02
R-0180,Wilmington,2,2025-07,31062.21
R-0180,Wilmington,2,2025-08,28553.56
R-0180,Wilmington,2,2025-09,29947.9
R-0180,Wilmington,2,2025-10,27517.26
R-0180,Wilmington,2,2025-11,25582.92
R-0180,Wilmington,2,2025-12,38569.4
R-0181,Greenville,5,2025-07,62850.87
R-0181,Greenville,5,2025-08,61623.57
R-0181,Greenville,5,2025-09,79937.11
R-0181,Greenville,5,2025-10,81463.33
R-0181,Greenville,5,2025-11,51503.99
R-0181,Greenville,5,2025-12,85889.61
R-0182,Greenville,4,2025-07,22045.44
R-0182,Greenville,4,2025-08,33058.86
R-0182,Greenville,4,2025-09,23220.01
R-0182,Greenville,4,2025-10,24379.13
R-0182,Greenville,4,2025-11,33723.67
R-0182,Greenville,4,2025-12,36044.65
R-0183,Raleigh,1,2025-07,32253.57
R-0183,Raleigh,1,2025-08,31060.78
R-0183,Raleigh,1,2025-09,33663.96
R-0183,Raleigh,1,2025-10,34237.57
R-0183,Raleigh,1,2025-11,39717.78
R-0183,Raleigh,1,2025-12,29087.44
R-0184,Greenville,4,2025-07,36566.21
R-0184,Greenville,4,2025-08,50764.9
R-0184,Greenville,4,2025-09,41725.26
R-0184,Greenville,4,2025-10,49156.2
R-0184,Greenville,4,2025-11,36312.02
R-0184,Greenville,4,2025-12,52671.0
R-0185,Greensboro,2,2025-07,47683.14
R-0185,Greensboro,2,2025-08,36633.42
R-0185,Greensboro,2,2025-09,41770.65
R-0185,Greensboro,2,2025-10,50566.19
R-0185,Greensboro,2,2025-11,39269.53
R-0185,Greensboro,2,2025-12,39700.62
R-0186,Fayetteville,4,2025-07,104018.75
R-0186,Fayetteville,4,2025-08,83782.67
R-0186,Fayetteville,4,2025-09,106307.29
R-0186,Fayetteville,4,2025-10,111638.76
R-0186,Fayetteville,4,2025-11,85006.67
R-0186,Fayetteville,4,2025-12,109287.38
R-0187,Greensboro,1,2025-07,92495.72
R-0187,Greensboro,1,2025-08,109464.89
R-0187,Greensboro,1,2025-09,113052.28
R-0187,Greensboro,1,2025-10,103771.92
R-0187,Greensboro,1,2025-11,89375.12
R-0187,Greensboro,1,2025-12,107088.58
R-0188,Greensboro,1,2025-07,55083.68
R-0188,Greensboro,1,2025-08,59406.22
R-0188,Greensboro,1,2025-09,60942.91
R-0188,Greensboro,1,2025-10,64520.04
R-0188,Greensboro,1,2025-11,59386.14
R-0188,Greensboro,1,2025-12,59183.04
R-0189,Greenville,5,2025-07,50628.7
R-0189,Greenville,5,2025-08,46940.14
R-0189,Greenville,5,2025-09,47282.67
R-0189,Greenville,5,2025-10,57647.79
R-0189,Greenville,5,2025-11,48410.36
R-0189,Greenville,5,2025-12,56450.66
R-0190,Greenville,1,2025-07,54247.28
R-0190,Greenville,1,2025-08,60358.79
R-0190,Greenville,1,2025-09,72322.21
R-0190,Greenville,1,2025-10,59662.08
R-0190,Greenville,1,2025-11,72863.67
R-0190,Greenville,1,2025-12,80351.47
R-0191,Durham,1,2025-07,45504.91
R-0191,Durham,1,2025-08,32392.41
R-0191,Durham,1,2025-09,43598.04
R-0191,Durham,1,2025-10,36369.66
R-0191,Durham,1,2025-11,47216.89
R-0191,Durham,1,2025-12,47282.33
R-0192,Asheville,3,2025-07,54583.8
R-0192,Asheville,3,2025-08,77617.76
R-0192,Asheville,3,2025-09,57017.15
R-0192,Asheville,3,2025-10,74761.8
R-0192,Asheville,3,2025-11,93964.37
R-0192,Asheville,3,2025-12,96468.02
R-0193,Winston-Salem,2,2025-07,43053.35
R-0193,Winston-Salem,2,2025-08,43061.34
R-0193,Winston-Salem,2,2025-09,47738.98
R-0193,Winston-Salem,2,2025-10,64038.19
R-0193,Winston-Salem,2,2025-11,62093.83
R-0193,Winston-Salem,2,2025-12,66899.19
R-0194,Winston-Salem,3,2025-07,40187.46
R-0194,Winston-Salem,3,2025-08,39810.85
R-0194,Winston-Salem,3,2025-09,35884.6
R-0194,Winston-Salem,3,2025-10,46048.64
R-0194,Winston-Salem,3,2025-11,44409.34
R-0194,Winston-Salem,3,2025-12,30919.97
R-0195,Asheville,1,2025-07,70412.75
R-0195,Asheville,1,2025-08,69895.97
R-0195,Asheville,1,2025-09,78601.46
R-0195,Asheville,1,2025-10,66744.92
R-0195,Asheville,1,2025-11,79570.64
R-0195,Asheville,1,2025-12,73458.64
R-0196,Fayetteville,5,2025-07,78912.81
R-0196,Fayetteville,5,2025-08,61086.5
R-0196,Fayetteville,5,2025-09,84352.67
R-0196,Fayetteville,5,2025-10,56980.81
R-0196,Fayetteville,5,2025-11,66008.7
R-0196,Fayetteville,5,2025-12,77210.06
R-0197,Charlotte,2,2025-07,68130.94
R-0197,Charlotte,2,2025-08,91387.58
R-0197,Charlotte,2,2025-09,80873.18
R-0197,Charlotte,2,2025-10,89357.3
R-0197,Charlotte,2,2025-11,87394.26
R-0197,Charlotte,2,2025-12,63987.87
R-0198,Wilmington,4,2025-07,55774.52
R-0198,Wilmington,4,2025-08,70206.52
R-0198,Wilmington,4,2025-09,60496.08
R-0198,Wilmington,4,2025-10,68952.57
R-0198,Wilmington,4,2025-11,61326.26
R-0198,Wilmington,4,2025-12,63701.38
R-0199,Greenville,1,2025-07,46614.06
R-0199,Greenville,1,2025-08,36935.11
R-0199,Greenville,1,2025-09,37613.79
R-0199,Greenville,1,2025-10,32496.84
R-0199,Greenville,1,2025-11,34741.48
R-0199,Greenville,1,2025-12,44172.68
R-0200,Asheville,3,2025-07,49827.97
R-0200,Asheville,3,2025-08,54247.3
R-0200,Asheville,3,2025-09,53330.81
R-0200,Asheville,3,2025-10,46326.25
R-0200,Asheville,3,2025-11,47759.12
R-0200,Asheville,3,2025-12,69128.56
R-0201,Fayetteville,3,2025-07,62733.71
R-0201,Fayetteville,3,2025-08,63264.11
R-0201,Fayetteville,3,2025-09,71292.56
R-0201,Fayetteville,3,2025-10,59153.63
R-0201,Fayetteville,3,2025-11,61584.37
R-0201,Fayetteville,3,2025-12,69398.1
R-0202,Raleigh,2,2025-07,76345.71
R-0202,Raleigh,2,2025-08,81466.94
R-0202,Raleigh,2,2025-09,82993.22
R-0202,Raleigh,2,2025-10,74978.3
R-0202,Raleigh,2,2025-11,86625.1
R-0202,Raleigh,2,2025-12,72851.99
R-0203,Durham,5,2025-07,71396.1
R-0203,Durham,5,2025-08,54470.84
R-0203,Durham,5,2025-09,65955.75
R-0203,Durham,5,2025-10,59172.4
R-0203,Durham,5,2025-11,78328.83
R-0203,Durham,5,2025-12,79348.36
R-0204,Wilmington,4,2025-07,71398.75
R-0204,Wilmington,4,2025-08,68182.6
R-0204,Wilmington,4,2025-09,57877.76
R-0204,Wilmington,4,2025-10,82504.4
R-0204,Wilmington,4,2025-11,57611.39
R-0204,Wilmington,4,2025-12,78286.1
R-0205,Fayetteville,4,2025-07,25521.73
R-0205,Fayetteville,4,2025-08,34646.74
R-0205,Fayetteville,4,2025-09,25346.64
R-0205,Fayetteville,4,2025-10,34549.46
R-0205,Fayetteville,4,2025-11,30467.65
R-0205,Fayetteville,4,2025-12,36514.43
R-0206,Greenville,2,2025-07,34781.13
R-0206,Greenville,2,2025-08,38095.31
R-0206,Greenville,2,2025-09,60487.8
R-0206,Greenville,2,2025-10,48387.1
R-0206,Greenville,2,2025-11,46111.85
R-0206,Greenville,2,2025-12,64506.27
R-0207,Asheville,5,2025-07,58321.62
R-0207,Asheville,5,2025-08,48140.91
R-0207,Asheville,5,2025-09,54030.32
R-0207,Asheville,5,2025-10,70113.22
R-0207,Asheville,5,2025-11,68247.85
R-0207,Asheville,5,2025-12,69022.74
R-0208,Greenville,4,2025-07,47013.85
R-0208,Greenville,4,2025-08,75725.54
R-0208,Greenville,4,2025-09,61900.47
R-0208,Greenville,4,2025-10,70293.62
R-0208,Greenville,4,2025-11,60995.43
R-0208,Greenville,4,2025-12,68391.12
R-0209,Durham,5,2025-07,41756.46
R-0209,Durham,5,2025-08,43820.42
R-0209,Durham,5,2025-09,39220.08
R-0209,Durham,5,2025-10,35749.18
R-0209,Durham,5,2025-11,48598.57
R-0209,Durham,5,2025-12,48628.75
R-0210,Raleigh,5,2025-07,73236.21
R-0210,Raleigh,5,2025-08,56611.01
R-0210,Raleigh,5,2025-09,65173.53
R-0210,Raleigh,5,2025-10,49003.01
R-0210,Raleigh,5,2025-11,75676.11
R-0210,Raleigh,5,2025-12,72080.71
R-0211,Charlotte,1,2025-07,78800.41
R-0211,Charlotte,1,2025-08,56363.16
R-0211,Charlotte,1,2025-09,55390.88
R-0211,Charlotte,1,2025-10,64523.21
R-0211,Charlotte,1,2025-11,90558.01
R-0211,Charlotte,1,2025-12,70372.83
R-0212,Greensboro,3,2025-07,39144.68
R-0212,Greensboro,3,2025-08,26990.5
R-0212,Greensboro,3,2025-09,40789.88
R-0212,Greensboro,3,2025-10,45627.61
R-0212,Greensboro,3,2025-11,37836.77
R-0212,Greensboro,3,2025-12,45851.06
R-0213,Charlotte,3,2025-07,64807.14
R-0213,Charlotte,3,2025-08,42163.46
R-0213,Charlotte,3,2025-09,63556.25
R-0213,Charlotte,3,2025-10,56395.58
R-0213,Charlotte,3,2025-11,67789.35
R-0213,Charlotte,3,2025-12,72078.68
R-0214,Greensboro,1,2025-07,36448.39
R-0214,Greensboro,1,2025-08,34956.42
R-0214,Greensboro,1,2025-09,47293.59
R-0214,Greensboro,1,2025-10,35329.43
R-0214,Greensboro,1,2025-11,50345.14
R-0214,Greensboro,1,2025-12,55175.75
R-0215,Raleigh,3,2025-07,35977.73
R-0215,Raleigh,3,2025-08,44875.38
R-0215,Raleigh,3,2025-09,45733.87
R-0215,Raleigh,3,2025-10,52941.52
R-0215,Raleigh,3,2025-11,61188.6
R-0215,Raleigh,3,2025-12,50681.04
R-0216,Fayetteville,2,2025-07,16751.2
R-0216,Fayetteville,2,2025-08,12954.72
R-0216,Fayetteville,2,2025-09,15266.99
R-0216,Fayetteville,2,2025-10,18360.34
R-0216,Fayetteville,2,2025-11,20062.6
R-0216,Fayetteville,2,2025-12,17716.17
R-0217,Durham,4,2025-07,88211.03
R-0217,Durham,4,2025-08,93993.11
R-0217,Durham,4,2025-09,77327.38
R-0217,Durham,4,2025-10,72652.4
R-0217,Durham,4,2025-11,85977.65
R-0217,Durham,4,2025-12,72901.54
R-0218,Winston-Salem,3,2025-07,48164.31
R-0218,Winston-Salem,3,2025-08,44909.15
R-0218,Winston-Salem,3,2025-09,42191.45
R-0218,Winston-Salem,3,2025-10,47551.87
R-0218,Winston-Salem,3,2025-11,36928.9
R-0218,Winston-Salem,3,2025-12,49521.96
R-0219,Greenville,3,2025-07,39581.29
R-0219,Greenville,3,2025-08,40377.57
R-0219,Greenville,3,2025-09,66372.63
R-0219,Greenville,3,2025-10,61034.75
R-0219,Greenville,3,2025-11,53387.33
R-0219,Greenville,3,2025-12,70577.24
R-0220,Raleigh,1,2025-07,52930.28
R-0220,Raleigh,1,2025-08,60848.72
R-0220,Raleigh,1,2025-09,57069.17
R-0220,Raleigh,1,2025-10,75238.59
R-0220,Raleigh,1,2025-11,81872.98
R-0220,Raleigh,1,2025-12,56130.97
